symbol,name,segment,report_date,notice_date,revenue,revenue_growth_pct,net_profit,net_profit_growth_pct,roe_pct,gross_margin_pct,net_margin_pct,debt_ratio_pct,z_roe,z_gross_margin,z_net_margin,z_revenue_growth,z_net_profit_growth,z_balance_sheet,quality_score,growth_score,balance_score,operating_score,operating_rank,universe_size
300750,CATL,battery_cell,2022-12-31,2023-03-10,328593987500.0,152.074703676161,30729163500.0,92.885257157539,24.67,20.2512464718,10.1819098257,70.561865439,1.2875483016569913,1.176484667949915,1.191182989816108,0.5538972233265888,-0.20855758589544862,-0.8793154706394891,1.2184053198076714,0.17266981871557008,-0.8793154706394891,0.17058655596125083,2,6
002594,BYD,battery_oem,2022-12-31,2023-03-29,424060635000.0,96.195029207482,16622448000.0,445.859500300146,16.14,17.0364681456,4.1770215243,75.4202247166,0.6330729560281732,0.4112066994048548,0.09713719651912969,-0.5947886749868078,1.9329778756989549,-1.6754470382785993,0.3804722839840526,0.6690946003560736,-1.6754470382785993,-0.20862671797949103,5,6
300014,EVE Energy,battery_cell,2022-12-31,2023-04-18,36303947808.53,114.818749513128,3508963827.4,20.757533097287,17.46,16.4321169922,10.1143106177,60.3526464121,0.7614872936320439,0.23336907058200781,1.1819198671727507,-0.2119517115893338,-0.735656367927213,1.2287225497274987,0.7255920771289341,-0.4738040397582734,1.2287225497274987,0.4935035290327198,1,6
002074,Gotion High-Tech,battery_cell,2022-12-31,2023-04-28,23051701484.6,122.590969091103,311576431.81,206.145686595884,1.5,17.794804998,1.5861742712,66.2692235651,-0.7911587883056651,0.6343564806555202,-0.3762280309880884,-0.05218272380077188,0.6191329476291669,0.05858901085575945,-0.17767677954607777,0.2834751119141975,0.05858901085575945,0.0547957810746264,3,6
300207,Sunwoda,battery_cell,2022-12-31,2023-04-27,52162269313.89,39.625405822651,1068014408.15,16.639506840233,6.99,13.8401187535,1.4634344744,64.6769446781,-0.2570718841804758,-0.5293577283826885,-0.39865341780581875,-1.4669402570188042,-0.7657502971721558,0.40648793831759494,-0.395027676789661,-1.11634527709548,0.40648793831759494,-0.368295005189182,6,6
688567,Farasis Energy,battery_cell,2022-12-31,2023-04-29,11588096737.96,231.081268042681,-926988810.79,2.700843242708,-10.05,7.5115133097,-7.9994914761,62.5968834758,-1.6338778788310664,-1.9260591902096094,-1.695358604714081,1.7719661440691306,-0.8421465723333048,0.8609630100172323,-1.7517652245849191,0.4649097858679129,0.8609630100172323,-0.14196414289992468,4,6
300750,CATL,battery_cell,2023-12-31,2024-03-16,400917045000.0,22.009854182131,44121248000.0,43.581025236824,24.04,19.1897341257,11.6635185715,69.340079531,1.1491140528383352,0.9422632161313778,1.1929174323268326,-0.49408253741572145,0.05668339302178342,-0.372605005093721,1.0947649004321818,-0.218699572196969,-0.372605005093721,0.1678201077138306,2,6
002594,BYD,battery_oem,2023-12-31,2024-03-27,602315354000.0,42.035195980877,30040811000.0,80.724349385843,24.4,18.5810320552,5.2039300994,77.8584903396,1.1706974124394727,0.8323546011753361,0.26991285826268124,0.8343692033947797,0.5468837493691716,-1.501233640648636,0.7576549572924965,0.6906264763819756,-1.501233640648636,-0.01765073565805464,4,6
300014,EVE Energy,battery_cell,2023-12-31,2024-04-19,48783587175.86,34.375433308655,4050174699.52,15.423666322631,12.48,16.6435347604,9.2659564313,59.7211260884,0.22502650843408106,0.3659027752924871,0.9096982246593823,0.3282478753368203,-0.3149243639512354,1.171717934927989,0.5002091694619835,0.006661755692792454,1.171717934927989,0.5595296200275883,1,6
002074,Gotion High-Tech,battery_cell,2023-12-31,2024-04-20,31605490020.32,37.106972521896,938726847.76,201.283008572496,3.87,15.7721307786,3.0662358732,71.9039043776,-0.4632428477355236,0.1561125580451624,-0.06678251788810766,0.5098995186356042,1.740191679825797,-0.7842270748364562,-0.1246376025261563,1.1250455992307007,-0.7842270748364562,0.0720603072893627,3,6
300207,Sunwoda,battery_cell,2023-12-31,2024-04-11,47862226994.24,-8.243587512986,1076198343.24,0.766275719461,4.93,14.0966477179,0.6910381341,59.066229302,-0.37850817670883596,-0.24725942858771363,-0.440885645640092,-2.0030085413119028,-0.5083658036018801,1.2505756924235876,-0.3555510836455473,-1.2556871724568914,1.2505756924235876,-0.12022085455961706,5,6
688567,Farasis Energy,battery_cell,2023-12-31,2024-04-30,16436419118.5,41.838815209904,-1867747324.24,-101.485422747257,-16.81,4.1160770215,-11.3634685924,65.5507484056,-1.7030869492675291,-2.04937372205665,-1.864860351720696,0.8245744813604213,-1.520468654663637,0.2357720932272493,-1.8724403410149586,-0.34794708665160784,0.2357720932272493,-0.6615384448131056,6,6
300750,CATL,battery_cell,2024-12-31,2025-03-15,362012554000.0,-9.703875523676,50744682000.0,15.011891776044,24.13,24.4448967369,14.9184865009,65.2382444159,1.2436514186088696,1.6539404113874947,1.6781620672581123,-0.7796912659395682,-0.7923877145463323,0.2155730630012714,1.5252512990848255,-0.7860394902429502,0.2155730630012714,0.31826162394771557,1,6
002594,BYD,battery_oem,2024-12-31,2025-03-25,777102455000.0,29.019200629576,40254346000.0,33.998865743005,26.05,19.4383427858,5.351667561,74.6362770213,1.3892940367076212,0.5466343413453367,0.080646542609733,1.3335281257297342,0.12016539781137707,-1.5203694570419495,0.672191640220897,0.7268467617705556,-1.5203694570419495,-0.0404436850168323,4,6
300014,EVE Energy,battery_cell,2024-12-31,2025-04-18,48614556525.09,-0.346490819055,4075585284.37,0.627394785045,11.3,17.4131965744,8.6834129494,59.3627383832,-0.05398385236820035,-0.050571298703984253,0.7452920699533055,-0.22625199477522717,-1.3108991498734297,1.2053377252144912,0.21357897296037365,-0.7685755723243284,1.2053377252144912,0.21678037528351216,2,6
002074,Gotion High-Tech,battery_cell,2024-12-31,2025-04-25,35391817095.44,11.979966368772,1206790129.59,28.556047211141,4.77,18.0032738229,3.2610199394,72.2771266945,-0.714432669163233,0.12343957462716583,-0.3364140154346544,0.5027920380837099,-0.14142768173323517,-1.1716607171811595,-0.3091357033235738,0.18068217817523735,-1.1716607171811595,-0.433371414109832,6,6
300207,Sunwoda,battery_cell,2024-12-31,2025-04-22,56020634117.81,17.045607018144,1468240562.81,36.428435523299,6.26,15.1759031592,0.9285875972,63.4380961645,-0.5637330157138305,-0.7103381039259017,-0.801707890972723,0.802397596417164,0.23693553024825176,0.5703490579444765,-0.6919263368708184,0.5196665633327079,0.5703490579444765,0.13269642813545535,3,6
688567,Farasis Energy,battery_cell,2024-12-31,2025-04-30,11680468636.74,-28.935441761807,-332059388.86,82.221396623062,-2.96,11.3202184379,-2.8428601556,62.7763331797,-1.3007959180712272,-1.5631049247301108,-1.3659787734137727,-1.6327744995158129,1.8876136180933685,0.7007703280628769,-1.4099598720717037,0.1274195592887778,0.7007703280628769,-0.19392332824001632,5,6
