lithium_to_material_beta,pass_through,pbt_impact_q05_rmb_mn,pbt_impact_q50_rmb_mn,pbt_impact_q95_rmb_mn
0.25,0.0,-14576.370181767901,1843.0768050636727,14096.743408421837
0.25,0.5,-7288.185090883951,921.5384025318364,7048.371704210918
0.25,0.7,-4372.911054530371,552.9230415191018,4229.023022526551
0.25,0.9,-1457.6370181767898,184.30768050636723,1409.6743408421833
0.5,0.0,-29152.740363535802,3686.1536101273455,28193.486816843673
0.5,0.5,-14576.370181767901,1843.0768050636727,14096.743408421837
0.5,0.7,-8745.822109060742,1105.8460830382037,8458.046045053103
0.5,0.9,-2915.2740363535795,368.61536101273447,2819.3486816843665
0.75,0.0,-43729.1105453037,5529.2304151910175,42290.2302252655
0.75,0.5,-21864.55527265185,2764.6152075955088,21145.11511263275
0.75,0.7,-13118.733163591112,1658.7691245573055,12687.069067579652
0.75,0.9,-4372.911054530369,552.9230415191016,4229.0230225265495
