week,actual,predicted_market_only,predicted_full
2025-02-21,0.02142193156053913,0.015999365287253278,0.027114126783398543
2025-02-28,-0.041684225349219874,-0.023496917531889816,-0.008085136261631279
2025-03-07,-0.013484303291699633,0.02027943371155683,0.024227523047990578
2025-03-14,0.0047440128577877294,0.022053097073231692,0.014754503108482739
2025-03-21,-0.02316712339314459,-0.026397720303397734,-0.024417694222485173
2025-03-28,0.003120098846631633,0.002593265676656255,0.003078497425615307
2025-04-04,-0.0549068660257439,-0.014584586928473225,-0.023092714688632124
2025-04-11,-0.08174452768368683,-0.033392965911687285,-0.05027117245301192
2025-04-18,0.006496748567990957,0.009895860362768115,0.0036409162134191436
2025-04-25,0.06810358780483614,0.007305290656574089,0.013786277069960301
2025-05-02,-0.021791086170344632,-0.0017583934213248544,-0.005212970216850742
2025-05-09,0.06993706521773353,0.028050495407882733,0.038020665004624206
2025-05-16,0.04370000713273561,0.01789560950310335,0.01830735770058422
2025-05-23,0.0289943357427408,0.0020337241913206154,0.015026308842210003
2025-05-30,-0.06575035903630222,-0.009160899714144622,-0.025775657883446476
2025-06-06,-0.004490017997679659,0.015449733750070992,0.019196582910102348
2025-06-13,-0.0027360520041772307,0.001262096846138221,-0.007785334742061572
2025-06-20,-0.032513186846757025,-0.0007471194922978276,0.0018827779901215433
2025-06-27,0.04369148133785611,0.028648237486251463,0.06001977860825777
2025-07-04,0.05733103188747347,0.024122343531201778,0.0025042431375771525
2025-07-11,0.02121800711434558,0.015617123029350881,0.014115365811236336
2025-07-18,-0.0011055294913764496,0.01900816297230213,0.03205414877055556
2025-07-25,0.041883294085440066,0.02634935493516189,0.03424602627419497
2025-08-01,-0.07231976720850478,-0.016413584264530486,-0.028884509228517947
2025-08-08,0.0015572829952081354,0.020181907443352732,0.02085906484343613
2025-08-15,0.06320215401632076,0.03516437886857805,0.04676180092494894
2025-08-22,0.026561059642483693,0.058931052922103364,0.04097532143334711
2025-08-29,0.06406400977793308,0.038192752587910224,0.0552241227608967
