week,beta_const,beta_market_return,beta_peer_excess_market,beta_lithium_return
2024-08-16,0.00693245111412058,1.0032293714722782,0.43296869824155626,0.202463837212665
2024-08-23,0.00890451329902345,1.0447799189924334,0.3901417370572128,0.2308951286159079
2024-08-30,0.006802127616473164,1.0494403147815772,0.3617289645078855,0.20326856676996546
2024-09-06,0.006801215203406673,1.0366777886811822,0.37203779218787425,0.18806675810367413
2024-09-13,0.005981240021311413,1.0843942518087573,0.3778667869144241,0.17610553987172642
2024-09-20,0.005885003764847366,1.093832800953175,0.384927029981818,0.1722503621938973
2024-09-27,0.006328377208046688,1.1638688729749083,0.38250574786441605,0.17015079400495275
2024-10-04,0.006509653728264532,1.1176591687945951,0.37087764124802886,0.16336436806190913
2024-10-11,0.007339788640880054,1.1062404143173301,0.38527918326645516,0.14097774879226171
2024-10-18,0.007478587752279954,1.1084271328336357,0.3888472787514081,0.13796876110326822
2024-10-25,0.007681851359849403,1.0982250076149713,0.4053781384922892,0.12177266449854073
2024-11-01,0.007097347884288747,1.1019198621482822,0.42676886815290005,0.10980317797322589
2024-11-08,0.006512903398592218,1.0667442770640223,0.42644232996253684,0.10737201881411171
2024-11-15,0.007680594541918099,1.0133580240132025,0.4430455240196164,0.1249366796898436
2024-11-22,0.007795062262874419,1.0120729226472633,0.45295698698866815,0.12008715169534093
2024-11-29,0.008273899542892708,1.006821821019573,0.46432502433138473,0.10245512222593775
2024-12-06,0.008306557169936484,1.0074691577239046,0.46398210211260804,0.10184439867033579
2024-12-13,0.008753635229257806,1.0049247705514637,0.4619952305877028,0.07651757495116789
2024-12-20,0.008360768159643676,1.0029746431299496,0.46918943772039934,0.06927870308064549
2024-12-27,0.008577343318106459,0.9905935512299873,0.4391463418349615,0.09013589577781456
2025-01-03,0.009306028264878401,0.9475996318234146,0.43216727209489736,0.09981570246245797
2025-01-10,0.00845621774349083,0.9598894390910948,0.4387382807738345,0.08823903826198776
2025-01-17,0.008714390224238635,0.9332165341950899,0.44105873747751867,0.049553671330787426
2025-01-24,0.009011553031245515,0.9479860825342507,0.4258664043404252,0.04038529967271249
2025-01-31,0.008465012949133804,0.9486884624570979,0.4333861335673799,0.03815967930564122
2025-02-07,0.008660081256074686,0.9965361944129978,0.31217481305774225,0.06952399321414589
2025-02-14,0.007607376334375384,1.0135240813937856,0.3780375845772297,0.052229762553761265
2025-02-21,0.007343140890369783,0.995090324624208,0.3443116808576997,0.07011745170404916
2025-02-28,0.007490138559060814,1.022053245513395,0.30598768983165076,0.11627655765547615
2025-03-07,0.0072776868444025394,1.0290894504893675,0.27377774014879885,0.0927620880760681
2025-03-14,0.005594500855454575,1.0635334641453684,0.12646116603362828,0.1020530245234466
2025-03-21,0.004883372921427922,1.0720353986930027,0.12775774433557874,0.09077020179323228
2025-03-28,0.004406187631402009,1.0626881535718387,0.14820037639506517,0.11040661822829233
2025-04-04,0.0031373214580435477,1.0671847870787394,0.1747072292101098,0.094460712956465
2025-04-11,0.002815422187610066,1.0629241120503712,0.2128893493096516,0.11055150588673214
2025-04-18,0.0026518921417729617,1.0518754757213733,0.23109136556432858,0.11299832293886095
2025-04-25,0.0031998596131936445,1.0473510591078874,0.25930088083090824,0.08853435749109845
2025-05-02,0.002168445631521565,1.050714098480239,0.2579770775084882,0.07339769178037442
2025-05-09,0.0027017168192652293,1.0629007840089455,0.3043472066290316,0.03740077114962574
2025-05-16,0.003245495252302511,1.070734575166671,0.3043445632499111,0.030779306390383183
2025-05-23,0.0031822894890969973,1.0702780089709698,0.32374870827985136,0.021052644132406012
2025-05-30,0.0026909933778981694,1.0388729557563057,0.41395919405252457,0.022559881873497792
2025-06-06,0.0024528764495637175,1.0428360687678422,0.40712713263293476,0.0035944691465169404
2025-06-13,0.0031837057788899233,1.0168047601620476,0.45661536400878555,-0.022838581038795096
2025-06-20,0.0024292776925764043,1.0263010296938802,0.44868890566147424,-0.018200614871409122
2025-06-27,0.002540986614017267,1.0297024082475819,0.42747021763500737,-0.019705258769645108
2025-07-04,0.003826482331074461,1.0718692250011541,0.3512973414616684,0.00967487837671216
2025-07-11,0.0042404944308691486,1.0719627563217773,0.3670863951828651,0.002622155350053293
2025-07-18,0.003356656031141275,1.07340931766425,0.3553335479315486,-0.019286523108053802
2025-07-25,0.0031111317007323095,1.1097567808698476,0.3211892650906531,0.015817110827894422
2025-08-01,0.003387824746971935,1.115685161707666,0.3019270255250295,0.04265205887295027
2025-08-08,0.0034886252511224783,1.1052516336113438,0.31366785950608506,0.02358370106966451
2025-08-15,0.003494091311846156,1.0967935989465345,0.315940202497888,0.06099598440544604
2025-08-22,0.0019696198210602776,1.0748431079954937,0.3767392587702539,0.056087790320206374
2025-08-29,0.0023311368572290206,1.0617473023889312,0.41420761550639595,0.05486332117804709
