execution_date,signal,observations,pearson_ic,pearson_p_value,rank_ic,rank_ic_p_value,research_split
2022-04-29,composite_score,49,-0.1616679806757227,0.2670933625176609,-0.07673469387755101,0.6002436855588775,design
2022-04-29,fundamental_momentum_score,49,-0.0980251841398316,0.5028073898779046,0.0007142857142857142,0.9961135830631557,design
2022-04-29,low_risk_score,49,-0.19355325954383912,0.18268368922162384,-0.10112244897959183,0.4893399730707054,design
2022-04-29,operating_quality_score,49,-0.0599865909892525,0.6822203054863769,-0.04469387755102041,0.7604171363243988,design
2022-04-29,price_momentum_score,49,0.03200608691753182,0.827183884331681,-0.08091836734693877,0.5804594273169761,design
2022-05-31,composite_score,49,0.05175841904990219,0.7239439690267553,0.16285714285714284,0.2635436411553222,design
2022-05-31,fundamental_momentum_score,49,0.08286388495342559,0.5713611057219194,0.21561224489795913,0.13678088956263604,design
2022-05-31,low_risk_score,49,-0.2596618557348923,0.07158401825773297,-0.18816326530612243,0.19540957439290987,design
2022-05-31,operating_quality_score,49,0.16255761789466666,0.264434759120928,0.15377551020408162,0.29145699976961575,design
2022-05-31,price_momentum_score,49,0.12739690408690607,0.3830344497977506,0.2214285714285714,0.12625530076983527,design
2022-06-30,composite_score,50,-0.17834393555222147,0.215290518836247,-0.17522208883553422,0.22356156432386157,design
2022-06-30,fundamental_momentum_score,50,-0.060082752931460516,0.6785237995792783,0.021080432172869146,0.8844684492089908,design
2022-06-30,low_risk_score,50,-0.04049130561213417,0.7800994125326195,-0.021080432172869146,0.8844684492089908,design
2022-06-30,operating_quality_score,50,-0.25382649721072453,0.07529143149161027,-0.24254501800720288,0.0896742082442492,design
2022-06-30,price_momentum_score,50,-0.014311411407837222,0.9214222134609842,-0.0005282112845138055,0.9970952708744707,design
2022-07-29,composite_score,50,0.20010924638904315,0.16351827103480668,0.16561824729891955,0.2503759868133474,design
2022-07-29,fundamental_momentum_score,50,0.1289880013958617,0.3719904417019487,-0.04163265306122449,0.7740618781921107,design
2022-07-29,low_risk_score,50,-0.013438956803215607,0.9261988024477789,0.16350540216086432,0.2565552306619797,design
2022-07-29,operating_quality_score,50,0.1282008787313315,0.3749401599427151,0.09195678271308522,0.5253408232325502,design
2022-07-29,price_momentum_score,50,0.19166625167693768,0.1823984119227359,0.07851140456182472,0.5878490710968568,design
2022-08-31,composite_score,50,0.14600677094877815,0.31165970293919487,0.10521008403361343,0.46713231871253474,design
2022-08-31,fundamental_momentum_score,50,0.044233992705298424,0.760351110568436,0.022424969987995196,0.8771546533520387,design
2022-08-31,low_risk_score,50,-0.11956230932877948,0.4082243694011259,-0.15975990396158463,0.2677594982536002,design
2022-08-31,operating_quality_score,50,0.13343364323092685,0.3555935147096506,0.10914765906362545,0.450532128073554,design
2022-08-31,price_momentum_score,50,0.2366395641328945,0.09801270155334096,0.3232172869147659,0.022049240392294455,design
2022-09-30,composite_score,50,-0.23453661290289707,0.10112270539392405,-0.19231692677070825,0.18089002765500223,design
2022-09-30,fundamental_momentum_score,50,-0.09913387083722333,0.4933801389876513,-0.008883553421368545,0.9511771749067408,design
2022-09-30,low_risk_score,50,-0.004794202885139823,0.9736404022564343,0.05555822328931572,0.7015598094284042,design
2022-09-30,operating_quality_score,50,-0.1365619730692929,0.3443243632030719,-0.11020408163265305,0.4461341332583326,design
2022-09-30,price_momentum_score,50,-0.2117703607091095,0.13984439683039585,-0.24187274909963982,0.09059456847961316,design
2022-10-31,composite_score,49,-0.017086288124466692,0.9072366019524887,0.011122448979591835,0.9395388088703858,design
2022-10-31,fundamental_momentum_score,49,-0.030349958180531697,0.8359998060159473,-0.04357142857142856,0.7662622651667109,design
2022-10-31,low_risk_score,49,-0.1637138512955072,0.2610059224758807,-0.06489795918367347,0.657747104701326,design
2022-10-31,operating_quality_score,49,-0.05824658061844175,0.690970534500631,-0.051326530612244896,0.7261573512844791,design
2022-10-31,price_momentum_score,49,0.23431954462841176,0.10511542777958924,0.17265306122448978,0.2355016061811957,design
2022-11-30,composite_score,50,-0.01891963288643659,0.896242155019546,0.025402160864345734,0.8609967659831831,design
2022-11-30,fundamental_momentum_score,50,-0.04577752064578355,0.7522497377295223,0.01205282112845138,0.9337929697639936,design
2022-11-30,low_risk_score,50,-0.17132253307194514,0.23419879957332423,-0.2099879951980792,0.1432872443573509,design
2022-11-30,operating_quality_score,50,0.12609120908879765,0.38291483773641966,0.18300120048019208,0.20335231028225537,design
2022-11-30,price_momentum_score,50,0.05102219522778101,0.7249241036426086,0.11539015606242496,0.42489076637462025,design
2022-12-30,composite_score,50,-0.21005088924455362,0.14316469537249826,-0.2833613445378151,0.046144759870435995,design
2022-12-30,fundamental_momentum_score,50,0.028574617483039768,0.8438410730011561,-0.03510204081632653,0.8087758819260071,design
2022-12-30,low_risk_score,50,0.032192851450404236,0.8243623954736415,-0.03529411764705882,0.8077493060967325,design
2022-12-30,operating_quality_score,50,-0.06927492587136017,0.6326266935168963,-0.07466986794717888,0.6063003632626257,design
2022-12-30,price_momentum_score,50,-0.39021300653894453,0.005087613873785793,-0.4051380552220888,0.003516309053591459,design
2023-01-31,composite_score,50,0.08759372155780654,0.54525894032124,0.15899159663865545,0.2700974462519894,design
2023-01-31,fundamental_momentum_score,50,0.08336482262308838,0.5649044403143473,0.017238895558223288,0.9054155682735919,design
2023-01-31,low_risk_score,50,0.08912461030129237,0.5382290355296945,0.15812725090036014,0.27274379495496115,design
2023-01-31,operating_quality_score,50,-0.16852586279399057,0.24203811623655233,-0.2238175270108043,0.11817137831176086,design
2023-01-31,price_momentum_score,50,0.19729729208431276,0.16964077518286597,0.16936374549819924,0.23967093561385833,design
2023-02-28,composite_score,50,0.10438693801396329,0.4706435920215447,0.20307322929171667,0.15724103790548755,design
2023-02-28,fundamental_momentum_score,50,-0.13736099615254863,0.3414818366069216,-0.03788715486194477,0.7939225693820167,design
2023-02-28,low_risk_score,50,0.39901421364941503,0.00410002779332397,0.33925570228091234,0.015944579489967827,design
2023-02-28,operating_quality_score,50,-0.06804979220649855,0.6386700435377237,-0.08897959183673469,0.5388930731522071,design
2023-02-28,price_momentum_score,50,-0.016209941624101006,0.9110376822045463,-0.04797118847539015,0.7407815550065097,design
2023-03-31,composite_score,50,0.27512136876535687,0.05315068732012505,0.33243697478991596,0.01833667939800652,design
2023-03-31,fundamental_momentum_score,50,0.028551584936909555,0.8439653778782107,0.11375750300120048,0.4315159721195009,design
2023-03-31,low_risk_score,50,0.23827114922809703,0.09565117309308613,0.22612244897959183,0.11433277996751792,design
2023-03-31,operating_quality_score,50,0.10265498775256934,0.47807737180988874,0.08955582232893158,0.5362568732672314,design
2023-03-31,price_momentum_score,50,0.16507323461571802,0.2519602156919564,0.1795438175270108,0.2121690757375115,design
2023-04-28,composite_score,49,-0.028078565696415994,0.8481231894469776,0.09489795918367347,0.5165948541089331,design
2023-04-28,fundamental_momentum_score,49,-0.251473281134475,0.08133336247861382,-0.1890816326530612,0.19319800002942905,design
2023-04-28,low_risk_score,49,0.2568164921799696,0.07486075197371839,0.21499999999999994,0.13792584473663572,design
2023-04-28,operating_quality_score,49,-0.2840296392545024,0.04794863091604016,-0.22765306122448978,0.11567981855332603,design
2023-04-28,price_momentum_score,49,0.24974837407399303,0.08351416134727158,0.18193877551020404,0.21087343886472387,design
2023-05-31,composite_score,49,0.38442178943688393,0.006388416618836383,0.4256122448979591,0.002297565230879837,design
2023-05-31,fundamental_momentum_score,49,0.21732238623674155,0.13362036606872102,0.23918367346938774,0.09788682364687593,design
2023-05-31,low_risk_score,49,0.21233789833408276,0.14298744230623,0.2755102040816326,0.05535884582784325,design
2023-05-31,operating_quality_score,49,0.3558929331170547,0.012083154203125529,0.3907142857142856,0.005508836339387496,design
2023-05-31,price_momentum_score,49,0.12286604240726352,0.4003183209938956,0.04459183673469387,0.7609479704949038,design
2023-06-30,composite_score,50,0.1546752081521806,0.2834836696418573,0.18924369747899158,0.18809372129698165,design
2023-06-30,fundamental_momentum_score,50,0.09273430019136801,0.5218295695335324,0.19414165666266506,0.17670785313176493,design
2023-06-30,low_risk_score,50,0.263791763479778,0.06416264718121606,0.3126530612244898,0.027062237809797784,design
2023-06-30,operating_quality_score,50,-0.1584080275214324,0.2718822704701931,-0.2179591836734694,0.12836788335815677,design
2023-06-30,price_momentum_score,49,0.1830715304412548,0.20799738477899687,0.16989795918367348,0.24317303905713308,design
2023-07-31,composite_score,50,0.1642021629423142,0.25450625088512463,0.1660984393757503,0.24898576972633324,validation
2023-07-31,fundamental_momentum_score,50,-0.05521514458486355,0.7033177454521411,-0.0007202881152460984,0.9960390130202849,validation
2023-07-31,low_risk_score,50,0.2697568506362994,0.05815726740912214,0.2297719087635054,0.10845033220088965,validation
2023-07-31,operating_quality_score,50,-0.2518112851432225,0.07771722005867532,-0.22967587034813922,0.10860210249751738,validation
2023-07-31,price_momentum_score,50,0.45415709759216427,0.0009233842063526591,0.46362545018007206,0.0006965758097827244,validation
2023-08-31,composite_score,48,-0.02172485191112683,0.8834762589198287,-0.15642640034737298,0.28835395113127754,validation
2023-08-31,fundamental_momentum_score,48,-0.03701989268561662,0.8027372680573173,-0.16576204950065132,0.2601775099788529,validation
2023-08-31,low_risk_score,48,0.12647189557660127,0.39168091853320197,0.0980243161094225,0.5074395851648758,validation
2023-08-31,operating_quality_score,48,0.026707723087542407,0.8570025633326013,-0.14546244029526706,0.32389372465890737,validation
2023-08-31,price_momentum_score,48,-0.1739114104648959,0.23713929784580973,-0.14155449413808077,0.337200722243103,validation
2023-09-28,composite_score,44,0.06707921454141247,0.6652824464483862,0.049048625792811835,0.7518690688903948,validation
2023-09-28,fundamental_momentum_score,44,0.10079603159824649,0.5150346206716624,0.1281183932346723,0.4072179945979311,validation
2023-09-28,low_risk_score,44,0.03244571105032732,0.8343860934027871,-0.030866807610993658,0.8423408160276917,validation
2023-09-28,operating_quality_score,44,-0.040188021327491,0.7956294940943134,-0.01832276250880902,0.9060277620304907,validation
2023-09-28,price_momentum_score,44,0.07026690969306826,0.6503754163300943,0.054122621564482026,0.727142232830191,validation
2023-10-31,composite_score,45,0.3422603882152136,0.02137280267545245,0.3102766798418972,0.03804861649642879,validation
2023-10-31,fundamental_momentum_score,45,0.21163983675822995,0.1628232257172927,0.14466403162055336,0.34306447313510124,validation
2023-10-31,low_risk_score,45,0.23078706555155046,0.12719054895582882,0.18484848484848485,0.22413107841583013,validation
2023-10-31,operating_quality_score,45,-0.17143509329928203,0.26015681604247326,-0.2075098814229249,0.1713782661316161,validation
2023-10-31,price_momentum_score,45,0.5362253688170754,0.00014667043080103883,0.539262187088274,0.00013221837345541864,validation
2023-11-30,composite_score,47,0.07220069029838283,0.6296038275601707,0.0874190564292322,0.5590204112453081,validation
2023-11-30,fundamental_momentum_score,47,0.11298066177168245,0.449574080702747,0.06810823311748382,0.6491940312061941,validation
2023-11-30,low_risk_score,47,-0.1499269334481879,0.31447829879366557,-0.11898704902867716,0.4256809047051287,validation
2023-11-30,operating_quality_score,47,0.42913758222133414,0.0026131303827248366,0.35985198889916736,0.012975477003999385,validation
2023-11-30,price_momentum_score,47,-0.22779317206593996,0.12357408125779704,-0.028445883441258094,0.8494641521389255,validation
2023-12-29,composite_score,46,0.49935944668212534,0.0004110449079381146,0.5465926611162505,8.494814228298264e-05,validation
2023-12-29,fundamental_momentum_score,46,0.3187413206420894,0.030852015214266375,0.37872340425531914,0.009447822055212357,validation
2023-12-29,low_risk_score,46,0.6954743342440948,8.128762644757406e-08,0.6394696268886833,1.7193813032833156e-06,validation
2023-12-29,operating_quality_score,46,-0.09493867959538399,0.5302627789341362,-0.10786308973172987,0.47552661512678934,validation
2023-12-29,price_momentum_score,46,0.24488642401982108,0.10094818608427227,0.3122417514646932,0.034636528792562654,validation
2024-01-31,composite_score,49,0.182745307371363,0.20882282498310906,0.12816326530612243,0.3801554149987918,validation
2024-01-31,fundamental_momentum_score,49,0.023512421588829144,0.872597356578622,0.018979591836734692,0.8970103056214027,validation
2024-01-31,low_risk_score,49,0.044917232306656424,0.7592555870729856,0.08418367346938775,0.5652266714884017,validation
2024-01-31,operating_quality_score,49,0.2210084872120187,0.12699442599532884,0.21214285714285713,0.14336363543737654,validation
2024-01-31,price_momentum_score,49,0.13436683528981758,0.3573270208415409,0.22255102040816324,0.12429629076689673,validation
2024-02-29,composite_score,50,0.2897816455685278,0.04122430963543875,0.2409123649459784,0.09192211186939135,validation
2024-02-29,fundamental_momentum_score,50,0.30153445239305926,0.03333305272527248,0.24581032412965184,0.08530715520947135,validation
2024-02-29,low_risk_score,50,0.3665247783866963,0.008845471954684266,0.3592316926770708,0.010405483437741732,validation
2024-02-29,operating_quality_score,50,0.0028306836041057278,0.9844344832181595,0.05277310924369748,0.7158746629666642,validation
2024-02-29,price_momentum_score,50,0.03703385894422323,0.7984658651094354,0.016566626650660263,0.9090882839930863,validation
2024-03-29,composite_score,50,-0.0009587662457206814,0.9947275973638207,-0.006674669867947179,0.9633072413398381,validation
2024-03-29,fundamental_momentum_score,50,-0.031060559868120407,0.830447385842136,0.03212484993997599,0.8247275542956558,validation
2024-03-29,low_risk_score,50,-0.12382113665752949,0.39160727748569113,-0.07380552220888356,0.6104862086059218,validation
2024-03-29,operating_quality_score,50,0.12323277512907682,0.39387897477050593,0.035390156062424974,0.8072361382587281,validation
2024-03-29,price_momentum_score,50,0.024265164591959498,0.8671612226215647,0.0846578631452581,0.5588627246986753,validation
2024-04-30,composite_score,49,0.24624332965363482,0.08808654850961085,0.31,0.030181998540423336,validation
2024-04-30,fundamental_momentum_score,49,0.314174052395754,0.027917576481919122,0.28122448979591835,0.05029380639473824,validation
2024-04-30,low_risk_score,49,0.15364094493278577,0.29188453757221805,0.11653061224489794,0.42523127826835727,validation
2024-04-30,operating_quality_score,49,0.0294655382653306,0.8407160103951331,0.0773469387755102,0.5973300594053785,validation
2024-04-30,price_momentum_score,49,0.1523476312835532,0.29601440990245653,0.20091836734693874,0.1662715489753924,validation
2024-05-31,composite_score,49,0.43497270485750467,0.0017882672993687165,0.4758163265306122,0.0005493944816978462,validation
2024-05-31,fundamental_momentum_score,49,0.3526741872362825,0.01293984341657206,0.3224489795918367,0.0238459116582338,validation
2024-05-31,low_risk_score,49,0.25645303990895774,0.07528770621671091,0.3981632653061224,0.004605831422393455,validation
2024-05-31,operating_quality_score,49,0.14332507363055585,0.32587326213349677,0.16459183673469385,0.2584221982534475,validation
2024-05-31,price_momentum_score,49,0.3045330766608557,0.03337682786269633,0.37520408163265295,0.007896837689261863,validation
2024-06-28,composite_score,46,-0.20305769688726155,0.17591132902709247,-0.08714153561517113,0.5647134537953683,validation
2024-06-28,fundamental_momentum_score,46,-0.2371142359458941,0.11259204568710278,-0.14017884674683934,0.35279926445093657,validation
2024-06-28,low_risk_score,46,-0.09110927326941687,0.5470530829412312,-0.01893308664816528,0.9006125191460539,validation
2024-06-28,operating_quality_score,46,-0.04806544941372534,0.7510861109329925,-0.05519580635214307,0.7156103789901678,validation
2024-06-28,price_momentum_score,46,-0.09075942807961646,0.5485995690502236,-0.14893617021276595,0.3232219392219404,validation
2024-07-31,composite_score,43,0.05372086893258554,0.7322469648463975,0.27408637873754155,0.07530904413962437,final_holdout
2024-07-31,fundamental_momentum_score,43,-0.04445118531695623,0.7771488052342146,0.06131078224101479,0.6961206621704197,final_holdout
2024-07-31,low_risk_score,43,-0.030037158376907624,0.8483643483058781,-0.01676230745998188,0.9150378953906686,final_holdout
2024-07-31,operating_quality_score,43,0.08822317177237338,0.5737279769254277,0.2567200241618846,0.09655252058523002,final_holdout
2024-07-31,price_momentum_score,43,0.09883995014596676,0.5283117542057987,0.2804288734521293,0.068538592257626,final_holdout
2024-08-30,composite_score,43,-0.16874841109536,0.2793720855175924,-0.20175173663545756,0.19450087426492518,final_holdout
2024-08-30,fundamental_momentum_score,43,-0.015311731784837176,0.9223668952317099,-0.11507097553609182,0.46247230093575636,final_holdout
2024-08-30,low_risk_score,43,0.02115823638230807,0.8928724570520181,-0.14859559045605558,0.34161085172850375,final_holdout
2024-08-30,operating_quality_score,43,-0.14320419780770766,0.3596062870454893,0.0003020235578375113,0.9984663555868758,final_holdout
2024-08-30,price_momentum_score,43,-0.26670976675097396,0.08383265488712924,-0.2298399275143461,0.13815929461204718,final_holdout
2024-09-30,composite_score,47,-0.17937547863378456,0.22764908285644211,-0.19611470860314525,0.18644722485643367,final_holdout
2024-09-30,fundamental_momentum_score,47,-0.0012211985915124585,0.9934999690763111,-0.06117021276595745,0.6829416361414563,final_holdout
2024-09-30,low_risk_score,47,-0.22685957438709642,0.12516208587317812,-0.09250693802035152,0.5362809810218951,final_holdout
2024-09-30,operating_quality_score,47,-0.09070003284447956,0.5443048804308209,-0.12777520814061055,0.39204717456369026,final_holdout
2024-09-30,price_momentum_score,47,-0.14252582516294865,0.33923018564273455,-0.13401942645698428,0.369126376975723,final_holdout
2024-10-31,composite_score,49,-0.10615013190332964,0.46788558012630216,-0.0586734693877551,0.6888200256472372,final_holdout
2024-10-31,fundamental_momentum_score,49,-0.045733727954963235,0.7550139159041906,-0.036938775510204074,0.8010547535475069,final_holdout
2024-10-31,low_risk_score,49,-0.06590272851822507,0.6527827831885621,-0.05785714285714286,0.6929344864910899,final_holdout
2024-10-31,operating_quality_score,49,-0.0027374365860032,0.9851064321806716,0.0957142857142857,0.5129776008710383,final_holdout
2024-10-31,price_momentum_score,49,-0.18216612388681505,0.21029398275976288,-0.21499999999999994,0.13792584473663572,final_holdout
2024-11-29,composite_score,49,0.42205215954395947,0.002522688660751798,0.5346938775510204,7.566998619050343e-05,final_holdout
2024-11-29,fundamental_momentum_score,49,0.29082180423347115,0.04263694746834854,0.5054081632653061,0.0002121854833285488,final_holdout
2024-11-29,low_risk_score,49,0.5770157564547674,1.4251963214820668e-05,0.6823469387755101,6.680830071155167e-08,final_holdout
2024-11-29,operating_quality_score,49,0.007449570456758148,0.9594837180851208,-0.013265306122448977,0.927918557216213,final_holdout
2024-11-29,price_momentum_score,49,0.22138148527709037,0.12633798572495933,0.28653061224489795,0.04593346499369966,final_holdout
2024-12-31,composite_score,49,0.14225013189317376,0.3295526713837478,0.17316326530612242,0.23409936630672074,final_holdout
2024-12-31,fundamental_momentum_score,49,0.15872730387163292,0.2760075420160258,0.16938775510204077,0.24461211114809042,final_holdout
2024-12-31,low_risk_score,49,0.38580951759460724,0.0061845793419808455,0.423469387755102,0.002430832308472713,final_holdout
2024-12-31,operating_quality_score,49,-0.0035338393486184366,0.9807741648082183,-0.06816326530612245,0.6416685294430258,final_holdout
2024-12-31,price_momentum_score,49,-0.21432222167624682,0.13920167347732196,-0.1090816326530612,0.4556129332620465,final_holdout
2025-01-27,composite_score,48,-0.26283885809038204,0.07109325636447852,-0.35388623534520186,0.013602317735564126,final_holdout
2025-01-27,fundamental_momentum_score,48,-0.09759357348023007,0.5093160171914357,-0.19181502388189317,0.19152895639637704,final_holdout
2025-01-27,low_risk_score,48,-0.40340965860872063,0.004466997473054936,-0.38167607468519327,0.007432995831107247,final_holdout
2025-01-27,operating_quality_score,48,-0.2096442216092676,0.15268276352546709,-0.1797655232305688,0.22147639420319187,final_holdout
2025-01-27,price_momentum_score,48,0.09763759361007586,0.5091240924741023,0.007490230134607034,0.9597027532312797,final_holdout
2025-02-28,composite_score,49,0.1435913510717511,0.32496583312239785,0.28765306122448975,0.04505176837100584,final_holdout
2025-02-28,fundamental_momentum_score,49,0.09739941145266917,0.5055511793119689,0.22969387755102036,0.11236339643858316,final_holdout
2025-02-28,low_risk_score,49,0.43290309310312614,0.00189130141255256,0.32836734693877545,0.021249922969306754,final_holdout
2025-02-28,operating_quality_score,49,0.11054096791934138,0.4495694716204047,0.09081632653061222,0.5348709633940971,final_holdout
2025-02-28,price_momentum_score,49,-0.33718364638852116,0.017826760968957873,-0.12755102040816327,0.38245443596654244,final_holdout
2025-03-31,composite_score,48,0.23534550202962368,0.10734334694527808,0.17813721233174123,0.22575913749052695,final_holdout
2025-03-31,fundamental_momentum_score,48,0.07338398472382096,0.620115544085772,0.1504559270516717,0.30737896811043025,final_holdout
2025-03-31,low_risk_score,48,0.2743590852450321,0.059146882963898445,0.3240338688666956,0.0246529737385119,final_holdout
2025-03-31,operating_quality_score,48,0.14956294103911294,0.3102919963228247,0.10301780286582718,0.48594558876933,final_holdout
2025-03-31,price_momentum_score,48,-0.010156420762739045,0.9453775574090422,-0.16684759009986974,0.2570251843713692,final_holdout
2025-04-30,composite_score,48,-0.07858459807453909,0.5954736925580675,-0.12082066869300913,0.41335255883435507,final_holdout
2025-04-30,fundamental_momentum_score,48,-0.13348590933443139,0.36573213434349994,-0.22470690403821103,0.12466375536152403,final_holdout
2025-04-30,low_risk_score,48,0.3987393606281102,0.004997635055625559,0.2968953538862353,0.040443512847953146,final_holdout
2025-04-30,operating_quality_score,48,-0.08166448444525422,0.5810873274122645,-0.06730351715154147,0.6494566984335117,final_holdout
2025-04-30,price_momentum_score,48,-0.39863283419689677,0.005010355122310858,-0.3428137212331741,0.017067396527764796,final_holdout
2025-05-30,composite_score,46,-0.29423146726092175,0.04716295573880676,-0.2875732346592661,0.0526362079541009,final_holdout
2025-05-30,fundamental_momentum_score,46,-0.09350751502019598,0.53650813372547,-0.03348751156336725,0.8251432943135217,final_holdout
2025-05-30,low_risk_score,46,-0.08418789971758484,0.5780295382983572,-0.2810360777058279,0.05849756406986001,final_holdout
2025-05-30,operating_quality_score,46,-0.14343919941249172,0.3416000427801955,-0.14967622571692876,0.3207961522964629,final_holdout
2025-05-30,price_momentum_score,46,-0.36099501132075396,0.013710941139990824,-0.24168979340117175,0.10561965123881462,final_holdout
2025-06-30,composite_score,49,0.32324391187146906,0.0234824697906921,0.2941836734693878,0.040191796840604053,final_holdout
2025-06-30,fundamental_momentum_score,49,0.15420184724787317,0.29010514222165346,0.2556122448979592,0.07628277617256482,final_holdout
2025-06-30,low_risk_score,49,0.30871971261316467,0.030906410640162977,0.3826530612244898,0.00665667664889435,final_holdout
2025-06-30,operating_quality_score,49,0.08854350429075054,0.5451827969135713,0.06734693877551019,0.6456733231337687,final_holdout
2025-06-30,price_momentum_score,49,0.19249004950864804,0.18514563486839336,0.12357142857142855,0.3975980831050462,final_holdout
2025-07-31,composite_score,49,0.07098153165769498,0.627920407939355,0.08448979591836735,0.563808191002157,final_holdout
2025-07-31,fundamental_momentum_score,49,0.0053017271633072835,0.9711593586209539,-0.03785714285714285,0.7962128220457553,final_holdout
2025-07-31,low_risk_score,49,-0.0954251269642483,0.5142574402969826,-0.1887755102040816,0.19393320564239655,final_holdout
2025-07-31,operating_quality_score,49,0.1563561729094007,0.28333661034040447,0.1770408163265306,0.22362936166812789,final_holdout
2025-07-31,price_momentum_score,49,0.0844403510523978,0.5640371913979088,0.08469387755102038,0.5628634603384524,final_holdout
