research_split,months,mean_rank_ic,rank_ic_std,rank_ic_ir,positive_rank_ic_ratio,hac_t_stat,hac_p_value,signal,bh_fdr_p_value
all,40,0.09546256892539792,0.2278203369816638,0.4190256681653546,0.675,2.8738946426328402,0.004054441894465687,composite_score,0.009310721592287694
all,40,0.06161028340808095,0.16488089832298664,0.3736653792811828,0.6,2.7711171169008413,0.005586432955372616,fundamental_momentum_score,0.009310721592287694
all,40,0.1025903400334304,0.24613054582244007,0.41681271087514526,0.55,2.831412147702102,0.004634296253117152,low_risk_score,0.009310721592287694
all,40,0.0014844682368002002,0.16254534394154105,0.009132640780741712,0.475,0.07396038703921194,0.9410419054577801,operating_quality_score,0.9410419054577801
all,40,0.05115483437734224,0.21920570762829272,0.23336451833674662,0.6,1.3949626518070324,0.16302710237942875,price_momentum_score,0.20378387797428593
design,15,0.07645538215286114,0.1954801864404767,0.39111576239539564,0.7333333333333333,1.3074699448787217,0.19105315588840166,composite_score,0.3184219264806694
design,15,0.032003201280512206,0.114169826878552,0.2803122519801625,0.6,1.317321033414297,0.18773103776453226,fundamental_momentum_score,0.3184219264806694
design,15,0.06436174469787914,0.18897244768849308,0.3405879824553824,0.5333333333333333,0.929703753290442,0.35252449063999824,low_risk_score,0.4406556132999978
design,15,-0.017579831932773113,0.18362852534210808,-0.09573584441753323,0.4,-0.7498399719606987,0.4533510914030776,operating_quality_score,0.4533510914030776
design,15,0.05867386954781913,0.1903967257422354,0.30816637901249155,0.6666666666666666,1.6542903505746755,0.09806853263568338,price_momentum_score,0.3184219264806694
final_holdout,13,0.0467374777857566,0.27017090313083447,0.17299226987120528,0.5384615384615384,1.3835267487267433,0.16650341136948055,composite_score,0.20812926421185068
final_holdout,13,0.05160170799662658,0.20457177163524964,0.2522425630092901,0.46153846153846156,1.4472558202897146,0.14782528781843024,fundamental_momentum_score,0.20812926421185068
final_holdout,13,0.09773510123524418,0.3243839930554329,0.30129446374544916,0.46153846153846156,1.6582665349560197,0.09726368048562815,low_risk_score,0.20812926421185068
final_holdout,13,0.014231474789559013,0.1315199443145051,0.1082077312588205,0.5384615384615384,0.5809730152704315,0.5612586405496223,operating_quality_score,0.5612586405496223
final_holdout,13,-0.06031754537020673,0.20101751663853162,-0.3000611408341558,0.38461538461538464,-1.4319395875231302,0.15216111144269892,price_momentum_score,0.20812926421185068
validation,12,0.17200706779234703,0.21462604124797116,0.8014268296250977,0.75,3.795472536551539,0.00014736250811032435,composite_score,0.0002456041801838739
validation,12,0.10946175942995082,0.17415583959964628,0.628527643296855,0.75,2.6054430407159117,0.009175552830415658,fundamental_momentum_score,0.011469441038019572
validation,12,0.15563592623423797,0.2223812917472734,0.6998606987637762,0.6666666666666666,4.411497259135896,1.0265825410250451e-05,low_risk_score,2.566456352562613e-05
validation,12,0.011505586349944835,0.17632805532551066,0.0652510250209753,0.5,0.23622310092315596,0.8132595547523072,operating_quality_score,0.813259554752307
validation,12,0.16251778514075751,0.22771145035605386,0.7137005402523309,0.75,5.055438055569576,4.294039903255418e-07,price_momentum_score,2.147019951627709e-06
