research_split,months,mean_monthly_return,annualized_arithmetic_return,annualized_volatility,hac_t_stat,hac_p_value,positive_month_ratio,signal,leg
all,40,-0.0005600566774111517,-0.00672068012893382,0.4304394941952452,-0.030557011604814714,0.9756228258956228,0.425,composite_score,Q1
all,40,0.0034387188280287596,0.04126462593634511,0.42038001854856066,0.18836888161071247,0.8505874918926991,0.4,composite_score,Q2
all,40,0.002386521686543454,0.028638260238521448,0.3837992724038333,0.13140213697112568,0.895457198263693,0.475,composite_score,Q3
all,40,0.009487402781630745,0.11384883337956894,0.36641572522841004,0.6002648892373935,0.5483297143082708,0.45,composite_score,Q4
all,40,0.007538458401372369,0.09046150081646842,0.32898439580584066,0.5368355160272238,0.591381236541491,0.375,composite_score,Q5
all,40,0.008098515078783518,0.09718218094540222,0.1970824732613876,1.0293528888275805,0.3033138786115225,0.6,composite_score,top_minus_bottom
all,40,-0.008848229773261858,-0.1061787572791423,0.37046011896950043,-0.556628522140037,0.5777812622609478,0.425,fundamental_momentum_score,Q1
all,40,0.013318992375229965,0.15982790850275957,0.46035498519832113,0.6451482997070573,0.518831086259707,0.4,fundamental_momentum_score,Q2
all,40,0.004549237346111682,0.054590848153340185,0.3907244773834052,0.26557662552889666,0.7905652894265377,0.45,fundamental_momentum_score,Q3
all,40,0.009111571599721634,0.10933885919665962,0.3459257066448136,0.6072342846883927,0.5436954425695972,0.425,fundamental_momentum_score,Q4
all,40,0.00433833434852419,0.052060012182290276,0.3690137542198024,0.265683705759855,0.7904828134275225,0.45,fundamental_momentum_score,Q5
all,40,0.013186564121786046,0.15823876946143256,0.16254303116048277,2.132781160578083,0.03294268240569942,0.6,fundamental_momentum_score,top_minus_bottom
all,40,-0.0011925165358687446,-0.014310198430424935,0.4378550775120654,-0.062224768828776145,0.9503838380330908,0.375,low_risk_score,Q1
all,40,0.0015355005589084104,0.018426006706900925,0.4108860202474942,0.08489548005475328,0.9323444852099174,0.375,low_risk_score,Q2
all,40,0.0035316349313782407,0.04237961917653889,0.38596961217292763,0.20010155668020732,0.8414011559329101,0.325,low_risk_score,Q3
all,40,0.00554811786786575,0.066577414414389,0.38164847195648754,0.3386483015406226,0.7348746909655095,0.325,low_risk_score,Q4
all,40,0.012661897794217322,0.15194277353060787,0.32459088938685815,0.9211847530973792,0.3569539771532171,0.425,low_risk_score,Q5
all,40,0.013854414330086069,0.16625297196103284,0.2233155090740977,1.371479241600664,0.17022561023033256,0.625,low_risk_score,top_minus_bottom
all,40,0.00028551932467582933,0.003426231896109952,0.3602013656578998,0.019658830166224227,0.9843155331950418,0.45,operating_quality_score,Q1
all,40,0.012174167794763345,0.14609001353716014,0.4238413591785157,0.6242441115157982,0.532467281450581,0.475,operating_quality_score,Q2
all,40,0.005117448276424778,0.061409379317097335,0.3661983639431635,0.3167114169431648,0.7514625849712646,0.425,operating_quality_score,Q3
all,40,0.004749505691184156,0.056994068294209874,0.39565091212613285,0.2655177338126398,0.790610650368922,0.45,operating_quality_score,Q4
all,40,0.0007974940007615654,0.009569928009138785,0.38269774684058727,0.04937093091851311,0.9606236936681701,0.4,operating_quality_score,Q5
all,40,0.0005119746760857344,0.006143696113028813,0.14791953140711978,0.0927536448691547,0.9260992782178942,0.45,operating_quality_score,top_minus_bottom
all,40,-0.0058696247983056294,-0.07043549757966755,0.3895288003657695,-0.33332136818760866,0.7388917112721631,0.425,price_momentum_score,Q1
all,40,0.01624939336857645,0.19499272042291743,0.44914942634719,0.784920775487189,0.43250002029213774,0.45,price_momentum_score,Q2
all,40,0.001718275282035409,0.020619303384424907,0.4043567917808219,0.1007667735891942,0.9197356033843528,0.425,price_momentum_score,Q3
all,40,0.002789875296941657,0.033478503563299886,0.3486722348500044,0.188163726594663,0.8507483065354151,0.4,price_momentum_score,Q4
all,40,0.0075750345186038435,0.09090041422324613,0.3504654746511368,0.4950644463122268,0.6205546295908291,0.4,price_momentum_score,Q5
all,40,0.013444659316909469,0.16133591180291362,0.19352931169516263,1.4190004598174029,0.15589888200757812,0.65,price_momentum_score,top_minus_bottom
design,15,0.0028439792162574078,0.03412775059508889,0.40161827576563547,0.08904775578901923,0.9290439572059311,0.4666666666666667,composite_score,Q1
design,15,0.0025950331159758262,0.031140397391709915,0.373614815731764,0.0853055637911206,0.9320184683932614,0.4,composite_score,Q2
design,15,-0.0027328780336260674,-0.032794536403512806,0.3961749290125805,-0.08098573665177942,0.9354532957454229,0.4,composite_score,Q3
design,15,0.017293821088459765,0.20752585306151716,0.36464342996125243,0.6174551110919551,0.5369345808506147,0.4666666666666667,composite_score,Q4
design,15,0.01550386027238555,0.18604632326862658,0.3591038737285301,0.5439730693458129,0.5864600051109419,0.4,composite_score,Q5
design,15,0.012659881056128147,0.15191857267353776,0.1978703923743729,0.94617515068636,0.3440592582738552,0.6666666666666666,composite_score,top_minus_bottom
design,15,-0.006801061581821826,-0.08161273898186192,0.3154280542295509,-0.2720646862926625,0.7855722819448203,0.4,fundamental_momentum_score,Q1
design,15,0.005045124364703786,0.06054149237644543,0.421939103962855,0.14634964111622994,0.8836453797375612,0.4,fundamental_momentum_score,Q2
design,15,0.018832576867647933,0.2259909224117752,0.4234843580292836,0.5402054549470595,0.5890553511635381,0.4666666666666667,fundamental_momentum_score,Q3
design,15,0.018978647952848093,0.22774377543417712,0.32734197421561784,0.7335097046668787,0.4632476110079419,0.5333333333333333,fundamental_momentum_score,Q4
design,15,0.00038749750391478977,0.004649970046977477,0.40728582289235327,0.011999285323882966,0.9904261852441429,0.3333333333333333,fundamental_momentum_score,Q5
design,15,0.00718855908573662,0.08626270902883944,0.15658044392497258,0.7457994184752103,0.4557885913038786,0.5333333333333333,fundamental_momentum_score,top_minus_bottom
design,15,0.009045098208890727,0.10854117850668873,0.41844811648444385,0.24402614011633808,0.8072105749026678,0.4,low_risk_score,Q1
design,15,0.0040633235511508894,0.04875988261381067,0.3772205710132484,0.14439146421649793,0.8851913567474593,0.3333333333333333,low_risk_score,Q2
design,15,-0.004180836548769908,-0.0501700385852389,0.3800980173221402,-0.13513845151224002,0.8925024091005455,0.26666666666666666,low_risk_score,Q3
design,15,0.01426016470577297,0.17112197646927563,0.41269218912268285,0.43407928082373914,0.6642308705849371,0.4,low_risk_score,Q4
design,15,0.011899073275827267,0.1427888793099272,0.30480259794819226,0.4828280679098077,0.6292178197215261,0.4666666666666667,low_risk_score,Q5
design,15,0.0028539750669365335,0.0342477008032384,0.21173043839671837,0.13261515926470613,0.8944977429583381,0.6,low_risk_score,top_minus_bottom
design,15,0.005747168119788844,0.06896601743746614,0.3462754843162326,0.2206596110190745,0.8253574819919905,0.4666666666666667,operating_quality_score,Q1
design,15,0.01574422085290684,0.18893065023488206,0.41964845475569656,0.4453262700058838,0.6560839859973308,0.4666666666666667,operating_quality_score,Q2
design,15,0.0038600988649578408,0.04632118637949409,0.3546485965157942,0.12843518084730976,0.8978045914051809,0.4666666666666667,operating_quality_score,Q3
design,15,0.007048888682523463,0.08458666419028155,0.38418854816874987,0.23976857604417395,0.8105096691260356,0.4,operating_quality_score,Q4
design,15,0.0033106816518341737,0.03972817982201009,0.37901237154204076,0.10886728540095517,0.9133077548461163,0.3333333333333333,operating_quality_score,Q5
design,15,-0.0024364864679546757,-0.02923783761545611,0.17315275920638643,-0.32333430351317527,0.7464420775724119,0.4666666666666667,operating_quality_score,top_minus_bottom
design,15,-0.011896256511683752,-0.14275507814020502,0.33715453540037066,-0.47245087267923264,0.6366049998628516,0.4666666666666667,price_momentum_score,Q1
design,15,0.02571815541841086,0.30861786502093036,0.45837801059125044,0.6490808587151577,0.5162861133776154,0.4,price_momentum_score,Q2
design,15,-0.0005145799530948594,-0.006174959437138312,0.4191681763387192,-0.016535705915074347,0.9868070167764138,0.4666666666666667,price_momentum_score,Q3
design,15,0.004393718579712352,0.05272462295654823,0.36766843250211156,0.15264314381955152,0.8786796998086698,0.4,price_momentum_score,Q4
design,15,0.01782218895313953,0.21386626743767434,0.32572137035360654,0.6161888735063975,0.5377698710196317,0.4,price_momentum_score,Q5
design,15,0.029718445464823277,0.35662134557787933,0.1671099397575148,2.3842702162522658,0.01711303151443813,0.8666666666666667,price_momentum_score,top_minus_bottom
final_holdout,13,0.04172861035715984,0.5007433242859181,0.508852246031322,1.5963349439114107,0.11041403233326796,0.5384615384615384,composite_score,Q1
final_holdout,13,0.047387846233077284,0.5686541547969274,0.494495815882579,1.611197011807531,0.10713678891525619,0.5384615384615384,composite_score,Q2
final_holdout,13,0.034922875701212455,0.41907450841454946,0.42119548002322094,1.2401527950152376,0.21491888451355934,0.6153846153846154,composite_score,Q3
final_holdout,13,0.04049996933182156,0.4859996319818587,0.40676386166426676,1.6168211669189823,0.10591688899007416,0.5384615384615384,composite_score,Q4
final_holdout,13,0.030194429212123022,0.36233315054547627,0.359850893278658,1.3864852593562949,0.16559877829256253,0.46153846153846156,composite_score,Q5
final_holdout,13,-0.011534181145036824,-0.1384101737404419,0.23148114871432823,-1.2524303892107826,0.2104130786957713,0.38461538461538464,composite_score,top_minus_bottom
final_holdout,13,0.031202445743468865,0.3744293489216264,0.42410393681266545,1.3343091222185182,0.18210256921566137,0.5384615384615384,fundamental_momentum_score,Q1
final_holdout,13,0.06088636546625039,0.7306363855950047,0.5660277183699058,1.6784450964897126,0.09326024017269993,0.46153846153846156,fundamental_momentum_score,Q2
final_holdout,13,0.02327790056578262,0.27933480678939143,0.42154793196392215,0.9108293257877051,0.36238530824304516,0.5384615384615384,fundamental_momentum_score,Q3
final_holdout,13,0.04305476412674097,0.5166571695208916,0.38228878127025623,2.0225869238215672,0.04311575347164916,0.5384615384615384,fundamental_momentum_score,Q4
final_holdout,13,0.036309022742997694,0.43570827291597236,0.39309972252420006,1.5613436106853973,0.118442699004906,0.46153846153846156,fundamental_momentum_score,Q5
final_holdout,13,0.0051065769995288345,0.061278923994346014,0.1793048865891322,0.6868429115842858,0.4921817251638697,0.5384615384615384,fundamental_momentum_score,top_minus_bottom
final_holdout,13,0.028537498403348932,0.3424499808401872,0.5014911379756383,0.9802454376801013,0.3269649805282133,0.38461538461538464,low_risk_score,Q1
final_holdout,13,0.04418487694833552,0.5302185233800263,0.49516319844610324,1.3458254438011132,0.1783588177268659,0.5384615384615384,low_risk_score,Q2
final_holdout,13,0.04464476525185389,0.5357371830222466,0.42565885439203394,1.7142954607815564,0.08647447637996536,0.38461538461538464,low_risk_score,Q3
final_holdout,13,0.031714579481518304,0.38057495377821965,0.4263360184633692,1.3885950977645094,0.1649559088977216,0.38461538461538464,low_risk_score,Q4
final_holdout,13,0.04643490421634038,0.5572188505960846,0.36929095597118916,2.2030954163203167,0.02758802420160884,0.6153846153846154,low_risk_score,Q5
final_holdout,13,0.017897405812991464,0.21476886975589757,0.25614034714538986,1.6728195921141218,0.09436281672954097,0.6153846153846154,low_risk_score,top_minus_bottom
final_holdout,13,0.029747802302536243,0.35697362763043494,0.40870868693331786,1.5326204183561478,0.1253694075989708,0.5384615384615384,operating_quality_score,Q1
final_holdout,13,0.05529896808851663,0.6635876170621995,0.5091665023889747,1.7007285191289967,0.08899397724686074,0.6923076923076923,operating_quality_score,Q2
final_holdout,13,0.03694680176038462,0.4433616211246154,0.42957361076122186,1.3434996082786073,0.17911025278791648,0.38461538461538464,operating_quality_score,Q3
final_holdout,13,0.0457152825043531,0.5485833900522372,0.43571595326684287,1.6774133735444798,0.09346167601195794,0.6153846153846154,operating_quality_score,Q4
final_holdout,13,0.02911520643593253,0.34938247723119037,0.40519611623366464,1.1640083113433521,0.2444206435768833,0.46153846153846156,operating_quality_score,Q5
final_holdout,13,-0.0006325958666037156,-0.007591150399244587,0.11586779181021993,-0.07604533090675017,0.9393830337358938,0.38461538461538464,operating_quality_score,top_minus_bottom
final_holdout,13,0.04729255950989437,0.5675107141187324,0.42774246677858313,1.7933837365026755,0.07291158627504914,0.5384615384615384,price_momentum_score,Q1
final_holdout,13,0.052345234587912653,0.6281428150549518,0.5061107722098619,1.9206847995014447,0.05477145709114651,0.5384615384615384,price_momentum_score,Q2
final_holdout,13,0.038425397705215206,0.46110477246258247,0.44596896722054163,1.4131565610257089,0.15760969566328653,0.46153846153846156,price_momentum_score,Q3
final_holdout,13,0.0262451157381893,0.3149413888582716,0.38996404955238834,1.0704814907470976,0.2844026359866426,0.46153846153846156,price_momentum_score,Q4
final_holdout,13,0.030991992980548777,0.3719039157665853,0.42895670158154997,1.194178752688633,0.2324080525685437,0.5384615384615384,price_momentum_score,Q5
final_holdout,13,-0.016300566529345584,-0.195606798352147,0.21235566570847095,-1.1953573874552021,0.23194742705785576,0.38461538461538464,price_momentum_score,top_minus_bottom
validation,12,-0.05062782416528208,-0.607533889983385,0.33282230704953136,-3.669049526464828,0.00024345391672035414,0.25,composite_score,Q1
validation,12,-0.04311822872070763,-0.5174187446484915,0.35546845031922397,-2.748673603810887,0.005983693845862199,0.25,composite_score,Q2
validation,12,-0.026461945512469387,-0.31754334614963264,0.3203462221214009,-1.3435762320668592,0.17908545959450695,0.4166666666666667,composite_score,Q3
validation,12,-0.033867567197945564,-0.40641080637534677,0.29503347559488563,-1.9264812018019217,0.05404431685334481,0.3333333333333333,composite_score,Q4
validation,12,-0.026962262315707308,-0.3235471477884877,0.23331813164704135,-2.402601115499876,0.016278933345397678,0.25,composite_score,Q5
validation,12,0.02366556184957478,0.2839867421948974,0.14299030063767923,3.6191069649220156,0.00029562143459052045,0.75,composite_score,top_minus_bottom
validation,12,-0.05479542182235351,-0.6575450618682421,0.3365733070893071,-4.0686711578113846,4.7282022353377266e-05,0.3333333333333333,fundamental_momentum_score,Q1
validation,12,-0.027869993460217755,-0.33443992152261304,0.3462053565492078,-1.8852306984192917,0.05939869791439871,0.3333333333333333,fundamental_momentum_score,Q2
validation,12,-0.033594322210452145,-0.40313186652542576,0.3029895853855999,-1.820324770403639,0.06870956134322252,0.3333333333333333,fundamental_momentum_score,Q3
validation,12,-0.03999406574595738,-0.4799287889514886,0.2809964379358983,-2.698002078324024,0.006975700515900749,0.16666666666666666,fundamental_momentum_score,Q4
validation,12,-0.025358032023060362,-0.30429638427672434,0.27712005756684094,-1.6326243743308886,0.1025480216422608,0.5833333333333334,fundamental_momentum_score,Q5
validation,12,0.029437389799293154,0.35324867759151785,0.14974312436560056,3.4718286776798615,0.0005169261135955968,0.75,fundamental_momentum_score,top_minus_bottom
validation,12,-0.046197051150970565,-0.5543646138116468,0.37649738914798025,-3.1600981824434613,0.0015771598180470633,0.3333333333333333,low_risk_score,Q1
validation,12,-0.047827769269940715,-0.5739332312392886,0.3036284420833647,-2.86666461576933,0.004148223606459314,0.25,low_risk_score,Q2
validation,12,-0.03136700023228517,-0.37640400278742203,0.3251976847802705,-1.9159828245207409,0.055367281922706846,0.3333333333333333,low_risk_score,Q3
validation,12,-0.033688940760975214,-0.40426728913170257,0.26506306789963113,-2.5722109213063065,0.0101051306915169,0.16666666666666666,low_risk_score,Q4
validation,12,-0.022971995181761747,-0.275663942181141,0.2715189234548858,-1.3335628783582871,0.18234715558030834,0.16666666666666666,low_risk_score,Q5
validation,12,0.023225055969208826,0.27870067163050594,0.21171061980261474,1.9215645660806955,0.05466057079334857,0.6666666666666666,low_risk_score,top_minus_bottom
validation,12,-0.03845901489523088,-0.4615081787427706,0.30449706301146634,-3.2465218523305013,0.0011682447909733497,0.3333333333333333,operating_quality_score,Q1
validation,12,-0.039006932179482076,-0.4680831861537849,0.2628378187173735,-2.502680666535593,0.012325669898896113,0.25,operating_quality_score,Q2
validation,12,-0.027792664566864706,-0.3335119748023765,0.29238759373878603,-1.7324683004185812,0.08319021640003403,0.4166666666666667,operating_quality_score,Q3
validation,12,-0.04250431459558965,-0.5100517751470758,0.32699215700041706,-2.3429616311627486,0.01913135042096537,0.3333333333333333,operating_quality_score,Q4
validation,12,-0.033021512367847734,-0.39625814841417284,0.36176391614837544,-1.863105138886789,0.062447475384283246,0.4166666666666667,operating_quality_score,Q5
validation,12,0.005437502527383154,0.06525003032859784,0.1558595367754974,0.4756631843076155,0.6343143533624376,0.5,operating_quality_score,top_minus_bottom
validation,12,-0.05592870149046629,-0.6711444178855954,0.3467128729616971,-3.5288682871686503,0.0004173407900531301,0.25,price_momentum_score,Q1
validation,12,-0.03469038718133078,-0.4162846461759694,0.33835132692725817,-1.9232132024496493,0.05445327987202761,0.4166666666666667,price_momentum_score,Q2
validation,12,-0.03525670496582984,-0.4230804595899581,0.31940592754123076,-1.8740414338729938,0.0609247144772305,0.3333333333333333,price_momentum_score,Q3
validation,12,-0.024624772617873315,-0.2954972714144798,0.27459473734559414,-1.5847935961988855,0.11301323785614452,0.3333333333333333,price_momentum_score,Q4
validation,12,-0.03060228019167277,-0.36722736230007325,0.2667179143825325,-2.851054119459455,0.004357455221379037,0.25,price_momentum_score,Q5
validation,12,0.025326421298793513,0.3039170555855222,0.17124290803408118,3.447410202220923,0.0005659885216156595,0.6666666666666666,price_momentum_score,top_minus_bottom
