cost_multiplier,execution_date,research_split,holdings,strategy_gross_return,strategy_net_return,benchmark_return,gross_active_return,net_active_return,desired_one_way_turnover,implemented_one_way_turnover,gross_traded_weight,turnover_definition,forced_exit_count,forced_exit_sell_weight,forced_exit_turnover_contribution,turnover_cap,turnover_cap_breached,pre_trade_cash_weight,cash_after_forced_exits,post_trade_risky_weight,ex_ante_tracking_error,active_market_beta,target_ex_ante_tracking_error,target_active_market_beta,cash_weight,ending_cash_weight,commission_cost,spread_cost,stamp_duty_cost,market_impact_cost,total_cost,max_adv_participation
0.5,2022-04-29,design,49,0.13891690877836785,0.13882427885315474,0.14393355227036145,-0.0050166434919936,-0.005109273417206711,0.060870377696082265,0.0608705221674558,0.1217410443349116,0.5 * sum(abs(stock_weight_change)),0,0.0,0.0,0.25,False,0.0,0.0,0.9999073700747884,0.013246875707686555,-0.010103910406227492,0.013243620100470439,-0.009984825603578471,0.0,0.0,1.826115665023674e-05,3.04352610837279e-05,3.0458418565030785e-05,1.3475088914120048e-05,9.262992521311547e-05,0.0013431447466238117
0.5,2022-05-31,design,49,0.27737009250579464,0.277301576419108,0.2752256669352955,0.0021444255704991533,0.0020759094838125325,0.04540387812103303,0.045400404790552795,0.09080080958110559,0.5 * sum(abs(stock_weight_change)),0,0.0,0.0,0.25,False,0.0,0.0,0.999931483913314,0.011339422217802054,-0.009574702593680016,0.011335358679968606,-0.00948150034944012,0.0,0.0,1.3620121437165838e-05,2.2700202395276397e-05,2.27173314169479e-05,9.478431437239e-06,6.851608668662914e-05,0.003013235492332563
0.5,2022-06-30,design,50,-0.003792922692426762,-0.0038730270459962956,0.0009932069681666104,-0.004786129660593373,-0.004866234014162906,0.05491281996127375,0.054906159924385946,0.10981231984877189,0.5 * sum(abs(stock_weight_change)),0,0.0,0.0,0.25,False,0.0,0.0,0.9999198956464306,0.011990744174713635,-0.008575382192235293,0.011984352805179349,-0.008460363978658065,0.0,0.0,1.6471847977315785e-05,2.745307996219297e-05,2.747310605058533e-05,8.70631957943962e-06,8.010435356953371e-05,0.0013089165436608614
0.5,2022-07-29,design,50,-0.09223348742874589,-0.0923248575313735,-0.09457372438977273,0.002340236961026837,0.002248866858399229,0.06213478092797215,0.06212311605526757,0.12424623211053513,0.5 * sum(abs(stock_weight_change)),0,0.0,0.0,0.25,False,0.0,0.0,0.9999086298977145,0.013412232780128305,-0.007526637378711077,0.013404810524987433,-0.00739501982804752,0.0,0.0,1.863693481658027e-05,3.1061558027633785e-05,3.108440055320525e-05,1.0587209230192578e-05,9.137010262761188e-05,0.0007415999774954194
0.5,2022-08-31,design,50,-0.11168157500393758,-0.11192918561485846,-0.11266052358564559,0.0009789485817080085,0.0007313379707871298,0.15477616363419436,0.15474112638045906,0.3094822527609181,0.5 * sum(abs(stock_weight_change)),6,0.05714357648700897,0.028571788243504485,0.25,False,0.0,0.05714357648700897,0.9997523893893256,0.012913167583604699,-0.007175161799023035,0.012903247493604598,-0.006822485504671302,0.0,0.0,4.6422337914137715e-05,7.737056319022952e-05,7.743246584289811e-05,4.6385243973618276e-05,0.00024761061092088365,0.0033121594156582607
0.5,2022-09-30,design,50,-0.0466701577695303,-0.04671448694744198,-0.0426982968160385,-0.0039718609534918,-0.004016190131403481,0.030508968055773522,0.030507749032174045,0.06101549806434809,0.5 * sum(abs(stock_weight_change)),0,0.0,0.0,0.25,False,0.0,0.0,0.9999556708220888,0.012681353148852489,-0.0009239567350575791,0.012679833902078505,-0.0008538772705104104,0.0,0.0,9.152324709652214e-06,1.5253874516087024e-05,1.5264956810564852e-05,4.658021875373571e-06,4.432917791167766e-05,0.0007531973573776191
0.5,2022-10-31,design,49,0.013236686456055219,0.013164567684168188,0.01477925409210571,-0.0015425676360504917,-0.001614686407937523,0.04797387898182141,0.04796585168822409,0.09593170337644819,0.5 * sum(abs(stock_weight_change)),1,0.009981208308067358,0.004990604154033679,0.25,False,0.0,0.009981208308067358,0.9999278812286875,0.011664294072135605,-0.004657047274914096,0.011662286762214763,-0.004547743723952197,0.0,0.0,1.4389755506467228e-05,2.3982925844112048e-05,2.400095553694015e-05,9.745134999512363e-06,7.21187718870318e-05,0.005755047459705286
0.5,2022-11-30,design,50,-0.033842627780599724,-0.03391007469435059,-0.03346230210286627,-0.0003803256777334535,-0.0004477725914843189,0.045471542835404576,0.045464935574514774,0.09092987114902955,0.5 * sum(abs(stock_weight_change)),0,0.0,0.0,0.25,False,0.0,0.0,0.9999325530871849,0.010886579529694077,0.0015333835406742408,0.010885720737197313,0.0016128238996206516,0.0,0.0,1.3639480672354432e-05,2.2732467787257388e-05,2.27493295154611e-05,8.325635775789285e-06,6.74469137508622e-05,0.0032183558609573414
0.5,2022-12-30,design,50,0.12119502255308816,0.12113358137551847,0.12202317814621123,-0.0008281555931230755,-0.000889596770692766,0.04193086838804625,0.041932000421396554,0.08386400084279311,0.5 * sum(abs(stock_weight_change)),0,0.0,0.0,0.25,False,0.0,0.0,0.9999385588224314,0.010533623766643201,0.0005906168899991876,0.010532180070643653,0.0006551587766599268,0.0,0.0,1.2579600126418967e-05,2.0966000210698276e-05,2.0981360505090367e-05,6.914216727483522e-06,6.144117756969113e-05,0.0011465712789242128
0.5,2023-01-31,design,50,-0.09035893007298676,-0.09040194575310699,-0.09164137993753046,0.0012824498645437055,0.001239434184423474,0.03023831199255229,0.030241370480038415,0.06048274096007683,0.5 * sum(abs(stock_weight_change)),0,0.0,0.0,0.25,False,0.0,0.0,0.9999569843198816,0.009470936675108165,0.00534475803008564,0.0094702990493834,0.00538751699703258,0.0,0.0,9.072411144011525e-06,1.5120685240019208e-05,1.5131439160048777e-05,3.69114457615036e-06,4.301568012022987e-05,0.0010256573100601366
0.5,2023-02-28,design,50,-0.06003302547886403,-0.06008017858194064,-0.06016043783629139,0.0001274123574273589,8.025925435074799e-05,0.033404529843979715,0.033400158881322396,0.06680031776264479,0.5 * sum(abs(stock_weight_change)),0,0.0,0.0,0.25,False,0.0,0.0,0.9999528468975454,0.008757402884041953,0.002732038782507577,0.008757177742480375,0.002777579382551522,0.0,0.0,1.0020047664396719e-05,1.67000794406612e-05,1.6711867716274846e-05,3.7211082552783636e-06,4.715310307661113e-05,0.0010840379463550253
0.5,2023-03-31,design,50,-0.047470628620501484,-0.047510560853160286,-0.05120330779316794,0.003732679172666453,0.003692746940007652,0.028376208947175335,0.02837630314393119,0.05675260628786238,0.5 * sum(abs(stock_weight_change)),0,0.0,0.0,0.25,False,0.0,0.0,0.9999600677673417,0.009731343698431899,0.003724417361116646,0.009729749567205853,0.003758739333805704,0.0,0.0,8.512890943179356e-06,1.4188151571965593e-05,1.4198134630130168e-05,3.0330555135250966e-06,3.9932232658800215e-05,0.0016078642499187527
0.5,2023-04-28,design,49,-0.04270503772516462,-0.042963707632482875,-0.0433797934429153,0.0006747557177506844,0.0004160858104324261,0.1638787041330378,0.16384693014584267,0.32769386029168535,0.5 * sum(abs(stock_weight_change)),7,0.03099021181945565,0.015495105909727825,0.25,False,0.0,0.03099021181945565,0.9997413300935649,0.007805340573962452,-0.0007517408623449766,0.007785221842260528,-0.0005509290584978194,0.0,0.0,4.91540790437528e-05,8.192346507292134e-05,8.198813254953012e-05,4.560423065205368e-05,0.00025866990731825796,0.012894454242519051
0.5,2023-05-31,design,49,0.03829463475947653,0.03822857588720562,0.03547421497019286,0.0028204197892836708,0.0027543609170127617,0.044489929444039976,0.04448701979928588,0.08897403959857177,0.5 * sum(abs(stock_weight_change)),0,0.0,0.0,0.25,False,0.0,0.0,0.9999339411277297,0.008723072221901962,0.004425458162743429,0.008718469089003074,0.004460638580666507,0.0,0.0,1.3346105939785765e-05,2.2243509899642942e-05,2.2260024617710513e-05,8.209231813770945e-06,6.605887227091016e-05,0.0024895612961665444
0.5,2023-06-30,design,50,-0.023987201450650336,-0.024017469165714667,-0.02525526614930209,0.0012680646986517538,0.0012377969835874227,0.021228848341167887,0.021228705882542602,0.042457411765085204,0.5 * sum(abs(stock_weight_change)),0,0.0,0.0,0.25,False,0.0,0.0,0.9999697322849365,0.008929029597277666,-0.0008195670711601171,0.008926498814498264,-0.000793149609476451,0.0,0.0,6.36861176476278e-06,1.0614352941271302e-05,1.0621919870037243e-05,2.662830488260765e-06,3.026771506433209e-05,0.004427885258856076
0.5,2023-07-31,validation,50,-0.11584946974821698,-0.11589989614554372,-0.11907978099072128,0.003230311242504294,0.0031798848451775608,0.03524082201940952,0.035241687941981695,0.07048337588396339,0.5 * sum(abs(stock_weight_change)),0,0.0,0.0,0.25,False,0.0,0.0,0.9999495736026741,0.010085371612890423,-0.0042533997683928656,0.010082130955496106,-0.004211057937155491,0.0,0.0,1.0572506382594508e-05,1.7620843970990846e-05,1.76334505703223e-05,4.59959640282829e-06,5.042639732673595e-05,0.0015074272905229516
0.5,2023-08-31,validation,48,-0.0746470655481053,-0.07477757580877002,-0.07369538063245554,-0.0009516849156497587,-0.001082195176314485,0.1009010785785631,0.10090323616991081,0.20180647233982163,0.5 * sum(abs(stock_weight_change)),5,0.025269807708361566,0.012634903854180783,0.25,False,0.0,0.025269807708361566,0.9998694897393356,0.009570595249721545,-0.008740438113247685,0.009561880458342584,-0.008622128792861691,0.0,0.0,3.0270970850973243e-05,5.0451618084955405e-05,2.5242122825060774e-05,2.45455489037431e-05,0.00013051026066473252,0.007945004944977987
0.5,2023-09-28,validation,44,-0.025718457304926626,-0.025765077124153758,-0.024942442982099584,-0.0007760143228270414,-0.0008226341420541732,0.03781044770369365,0.03780436652468887,0.07560873304937774,0.5 * sum(abs(stock_weight_change)),4,0.017265608627167455,0.008632804313583728,0.25,False,0.0,0.017265608627167455,0.9999533788059382,0.009406648703142482,-0.00919820193057531,0.009403422125603985,-0.009151070102197099,1.3748347149928762e-09,1.4111942435141807e-09,1.134130995740666e-05,1.8902183262344434e-05,9.456919280429938e-06,6.919406726950589e-06,4.661981922713162e-05,0.011259061430214613
0.5,2023-10-31,validation,45,-0.04278673268378965,-0.04283566805883041,-0.04638786356309041,0.003601130879300758,0.003552195504259996,0.041083897844629805,0.04107984502721983,0.08215969005443965,0.5 * sum(abs(stock_weight_change)),0,0.0,0.0,0.25,False,1.411194243514181e-09,1.411194243514181e-09,0.9999510646250167,0.01103331567749495,-0.014913749144483648,0.011029390243466134,-0.014858392471958505,0.0,0.0,1.2323953508165949e-05,2.0539922513609917e-05,1.027607800227861e-05,5.79542101670463e-06,4.893537504075911e-05,0.0028932184019149036
0.5,2023-11-30,validation,47,0.0088079578451978,0.008759633922721402,0.00903710620061471,-0.00022914835541690964,-0.00027747227789330815,0.038875897032154424,0.03887590006707196,0.07775180013414391,0.5 * sum(abs(stock_weight_change)),0,0.0,0.0,0.25,False,0.0,0.0,0.9999516760783882,0.010017688694606897,-0.017327178235702394,0.010014101974996087,-0.017263594132793582,0.0,0.0,1.1662770020121587e-05,1.9437950033535978e-05,9.72501550696949e-06,7.49818691577147e-06,4.832392247639852e-05,0.01660328977579696
0.5,2023-12-29,validation,46,-0.1864537336590098,-0.18649106548943947,-0.19354037310242866,0.007086639443418863,0.007049307612989192,0.029815719295683423,0.029807870971277916,0.05961574194255583,0.5 * sum(abs(stock_weight_change)),1,0.008345055509710105,0.004172527754855052,0.25,False,0.0,0.008345055509710105,0.9999626638419502,0.011097618246854672,-0.021840272965829206,0.01109467422210163,-0.021788839682324555,4.32762011871922e-09,5.319695869502515e-09,8.942361291383375e-06,1.4903935485638958e-05,7.456634762575718e-06,6.0288988900776306e-06,3.733183042967568e-05,0.01636827011171934
0.5,2024-01-31,validation,49,0.12012739175711573,0.12006157288290299,0.11981958656400336,0.00030780519311236765,0.00024198631889962852,0.05331305513661906,0.053311713929416735,0.10662342785883347,0.5 * sum(abs(stock_weight_change)),0,0.0,0.0,0.25,False,5.319695869502514e-09,5.319695869502514e-09,0.9999341811264372,0.010797295363406274,-0.021727114983975206,0.010790971892414337,-0.021632268465052097,0.0,0.0,1.599351417882502e-05,2.6655856964708368e-05,1.3336155176587536e-05,9.83334789261617e-06,6.58188742127371e-05,0.009325962054085446
0.5,2024-02-29,validation,50,0.038796828339641355,0.038751104932417894,0.03484647710324497,0.003950351236396386,0.0039046278291729256,0.03547292280233245,0.03547404904816168,0.07094809809632335,0.5 * sum(abs(stock_weight_change)),0,0.0,0.0,0.25,False,0.0,0.0,0.999954276593729,0.00975922753426423,-0.015441189875072559,0.009754728661103149,-0.01536672183468821,0.0,0.0,1.0642214714448502e-05,1.773702452408084e-05,8.874227687824288e-06,8.469940297110385e-06,4.572340722346401e-05,0.01050021579213973
0.5,2024-03-29,validation,50,0.0032229104922211235,0.003150201772022493,0.003018116401208368,0.0002047940910127554,0.00013208537081412473,0.05777614949644755,0.05777801706619713,0.11555603413239426,0.5 * sum(abs(stock_weight_change)),0,0.0,0.0,0.25,False,0.0,0.0,0.9999272912798016,0.012005570312235297,-0.02716693791934424,0.011995808543881417,-0.027033372577799294,0.0,0.0,1.7333405119859143e-05,2.8889008533098565e-05,1.4453592856574085e-05,1.2032713689098963e-05,7.270872019863076e-05,0.0027222792701721687
0.5,2024-04-30,validation,49,-0.02507456442213018,-0.025196234857242435,-0.027587035003175265,0.0025124705810450863,0.0023908001459328303,0.08723440712718364,0.08722936218849181,0.17445872437698362,0.5 * sum(abs(stock_weight_change)),3,0.01763535197512035,0.008817675987560175,0.25,False,0.0,0.01763535197512035,0.999878329565216,0.014783646419446518,-0.04029929528184498,0.014763620645501869,-0.04006395755252084,0.0,0.0,2.6168808656547544e-05,4.36146810942459e-05,2.1822549351470982e-05,3.0064396009991914e-05,0.00012167043511225634,0.009891636228202789
0.5,2024-05-31,validation,49,-0.10571101332788602,-0.10576025586173185,-0.10991766851165928,0.004206655183773264,0.0041574126499274305,0.03859103647009208,0.038590778540441205,0.07718155708088241,0.5 * sum(abs(stock_weight_change)),0,0.0,0.0,0.25,False,0.0,0.0,0.9999507574666908,0.01345989170465255,-0.031628983187965906,0.013452374244466093,-0.03153552966286071,0.0,0.0,1.157723356213236e-05,1.92953892702206e-05,9.65384995177393e-06,8.716061061707683e-06,4.924253384583458e-05,0.005858633127272821
0.5,2024-06-28,validation,46,0.02273021777534425,0.02267680274997301,0.023245543178926062,-0.0005153254035818108,-0.0005687404289530518,0.04013705430737676,0.040127651712514145,0.08025530342502829,0.5 * sum(abs(stock_weight_change)),3,0.01540844811559512,0.00770422405779756,0.25,False,0.0,0.01540844811559512,0.9999465798744037,0.012513312432382014,-0.02482271092124745,0.012505915063927817,-0.024717555057959965,5.100225041615187e-09,4.98713281449301e-09,1.2038295513754244e-05,2.0063825856257073e-05,1.003859044382808e-05,1.127431355740083e-05,5.341502537124023e-05,0.009875094652855023
0.5,2024-07-31,final_holdout,43,-0.0391702561670444,-0.03925999950162954,-0.04255917980363747,0.003388923636593072,0.0032991803020079313,0.06207496638033609,0.06205636654178655,0.1241127330835731,0.5 * sum(abs(stock_weight_change)),3,0.029825519240949006,0.014912759620474503,0.25,False,4.98713281449301e-09,0.02982552422808182,0.9999102435299022,0.012659979434790355,-0.020899037363122274,0.01264994666120618,-0.020722522552094898,1.3135512648372377e-08,1.3672286614025139e-08,1.8616909962535965e-05,3.1028183270893275e-05,1.552531057081725e-05,2.4572930780895563e-05,8.974333458514205e-05,0.018245973910371565
0.5,2024-08-30,final_holdout,43,0.3179522987233248,0.31772524413461384,0.3224782399547499,-0.004525941231425079,-0.004752995820136052,0.14915382740178718,0.1491361771280742,0.2982723542561484,0.5 * sum(abs(stock_weight_change)),4,0.03928816091733424,0.01964408045866712,0.25,False,1.3672286614025142e-08,0.039288174589620854,0.9997729454113121,0.012104035423519253,-0.018379660259661805,0.012082316411693375,-0.017920810022225987,0.0,0.0,4.474085313842226e-05,7.45680885640371e-05,3.731242439656873e-05,7.043322261196949e-05,0.00022705458871099757,0.020429157848423852
0.5,2024-09-30,final_holdout,47,-0.011933166107170514,-0.01200107504523141,-0.008189526597697864,-0.00374363950947265,-0.0038115484475335464,0.050460621587520266,0.050464395050837774,0.10092879010167555,0.5 * sum(abs(stock_weight_change)),0,0.0,0.0,0.25,False,0.0,0.0,0.9999320910619395,0.01275961211819506,-0.025153521641828533,0.012751701162347223,-0.025057841093600902,0.0,0.0,1.5139318515251333e-05,2.5232197525418888e-05,1.2624587379966995e-05,1.491283464026002e-05,6.790893806089723e-05,0.023257409221103552
0.5,2024-10-31,final_holdout,49,0.026501083179506994,0.02645136134159912,0.029184292726914106,-0.0026832095474071116,-0.0027329313853149857,0.038640715479588444,0.03864295784593599,0.07728591569187197,0.5 * sum(abs(stock_weight_change)),0,0.0,0.0,0.25,False,0.0,0.0,0.9999502781620927,0.016019274009985922,-0.029658810356096896,0.01600951968213511,-0.029586036923192227,0.0,0.0,1.1592887353780795e-05,1.9321478922967995e-05,9.66695469122244e-06,9.140516939904262e-06,4.972183790787549e-05,0.003659154987268023
0.5,2024-11-29,final_holdout,49,-0.0618243874434948,-0.0618754628733595,-0.06753113038152006,0.005706742938025262,0.005655667508160558,0.04151842829486527,0.041517816580439335,0.08303563316087867,0.5 * sum(abs(stock_weight_change)),0,0.0,0.0,0.25,False,0.0,0.0,0.9999489245706015,0.016050425708383085,-0.028536972700358126,0.016039540705803008,-0.028464843954871283,0.0,0.0,1.24553449741318e-05,2.075890829021967e-05,1.0385838573784645e-05,7.47533802657061e-06,5.1075429864706725e-05,0.000996016344032251
0.5,2024-12-31,final_holdout,49,-0.01643147302451778,-0.01648556915475872,-0.018539494406649384,0.0021080213821316057,0.0020539252518906627,0.0421261725108171,0.04213285543626779,0.08426571087253558,0.5 * sum(abs(stock_weight_change)),0,0.0,0.0,0.25,False,0.0,0.0,0.9999459038697601,0.013780236109627062,-0.023928615607847738,0.013768747135301585,-0.023852544615490835,0.0,0.0,1.2639856630880336e-05,2.1066427718133895e-05,1.053997587534694e-05,9.849870016581412e-06,5.409613024094258e-05,0.0012361773815153711
0.5,2025-01-27,final_holdout,48,0.09257452192626865,0.09252478625863089,0.09626376411155546,-0.003689242185286809,-0.0037389778529245687,0.03959622085708304,0.03958371893055946,0.07916743786111892,0.5 * sum(abs(stock_weight_change)),1,0.00472645278879239,0.002363226394396195,0.25,False,0.0,0.00472645278879239,0.9999502556553315,0.013182297572676163,-0.020975229831839783,0.013172162075638075,-0.020905757989016047,8.677030780149871e-09,7.942182080705467e-09,1.187511567916784e-05,1.979185946527973e-05,9.902147775723418e-06,8.166544717583032e-06,4.973566763775402e-05,0.006036963482967151
0.5,2025-02-28,final_holdout,49,-0.044124002553181704,-0.044177816342315955,-0.04500456878795605,0.0008805662347743451,0.0008267524456400943,0.04480841691446024,0.04480508080555918,0.08961016161111836,0.5 * sum(abs(stock_weight_change)),0,0.0,0.0,0.25,False,7.942182080705469e-09,7.942182080705469e-09,0.9999461862110178,0.013003544519503722,-0.019218321991919113,0.012993513714312184,-0.01914315936980675,0.0,0.0,1.3441524241667755e-05,2.240254040277959e-05,1.1207995932239818e-05,6.76172855756681e-06,5.3813789134253976e-05,0.009539186826613734
0.5,2025-03-31,final_holdout,48,-0.08446405807358345,-0.08449702979593916,-0.08715303061747873,0.002688972543895274,0.002656000821539564,0.027823381366256724,0.027824969716683592,0.055649939433367185,0.5 * sum(abs(stock_weight_change)),1,0.0058207305488478635,0.0029103652744239318,0.25,False,0.0,0.0058207305488478635,0.9999670282786297,0.012012766487525956,-0.01909834183488494,0.012006448211170702,-0.019052503061142003,0.0,0.0,8.347490915005078e-06,1.3912484858341795e-05,6.96036389434219e-06,3.751382688023413e-06,3.297172235571248e-05,0.009371881159886826
0.5,2025-04-30,final_holdout,48,0.011380016691228486,0.011270236285309166,0.012139796530505034,-0.0007597798392765479,-0.0008695602451958672,0.08177488231186476,0.08177591339948005,0.1635518267989601,0.5 * sum(abs(stock_weight_change)),3,0.015493845617413182,0.007746922808706591,0.25,False,0.0,0.015493845617413182,0.9998902195940809,0.009226096929729465,-0.02155493440176272,0.009211715523876934,-0.021390140882644595,0.0,0.0,2.4532774019844016e-05,4.088795669974002e-05,2.045770090060991e-05,2.3901974299125943e-05,0.0001097804059193199,0.008695758548228797
0.5,2025-05-30,final_holdout,46,0.08014164859473617,0.08008738125061628,0.08568810442393912,-0.005546455829202948,-0.005600723173322844,0.04186667433897475,0.0418587921336151,0.0837175842672302,0.5 * sum(abs(stock_weight_change)),2,0.012582133454815361,0.006291066727407681,0.25,False,0.0,0.012582133454815361,0.999945729275631,0.009508498941837796,-0.025009713034076973,0.009502358136856062,-0.02492595248663916,3.380249135055669e-09,3.1296070982161935e-09,1.2557637640084529e-05,2.0929396066807547e-05,1.0471481873949905e-05,1.0308828539055097e-05,5.4267344119897075e-05,0.012994429399912634
0.5,2025-06-30,final_holdout,49,0.012990439565732153,0.01293360241993281,0.011159393302575744,0.0018310462631564092,0.0017742091173570656,0.0449530255346164,0.04495251186231922,0.08990502372463843,0.5 * sum(abs(stock_weight_change)),0,0.0,0.0,0.25,False,3.129607098216194e-09,3.129607098216194e-09,0.9999431628550111,0.00929078206998511,-0.026674965476304893,0.009284592467481891,-0.026582734681135846,0.0,0.0,1.3485753558695765e-05,2.247625593115961e-05,1.124523221750255e-05,9.629904091985537e-06,5.683714579934346e-05,0.008089064644518648
0.5,2025-07-31,final_holdout,49,0.21924796075415515,0.21921019558638477,0.21870858359125162,0.0005393771629035315,0.0005016119951331555,0.033148042870891264,0.033149444586934786,0.06629888917386957,0.5 * sum(abs(stock_weight_change)),0,0.0,0.0,0.25,False,0.0,0.0,0.9999622348332223,0.008144197503007057,-0.022373844128889125,0.00814057559694536,-0.02230995078156145,0.0,0.0,9.944833376080437e-06,1.657472229346739e-05,8.292081792580907e-06,2.9535303082410004e-06,3.7765167770369735e-05,0.0008235095662609469
1.0,2022-04-29,design,49,0.13890403311254249,0.1387187256776593,0.14393355227036145,-0.005029519157818962,-0.005214826592702143,0.060870377696082265,0.06087066671304498,0.12174133342608996,0.5 * sum(abs(stock_weight_change)),0,0.0,0.0,0.25,False,0.0,0.0,0.9998146925651419,0.013250206793511637,-0.010223056383308312,0.013243620100470439,-0.009984825603578471,0.0,0.0,3.652240002782699e-05,6.0870666713044986e-05,6.0963320430473996e-05,2.69510477118399e-05,0.00018530743488318587,0.0013426108615179403
1.0,2022-05-31,design,49,0.2773510797659751,0.27721402190908107,0.2752256669352955,0.0021254128306796294,0.0019883549737855777,0.045403878121033046,0.04539773371959943,0.09079546743919886,0.5 * sum(abs(stock_weight_change)),0,0.0,0.0,0.25,False,0.0,0.0,0.9998629421431136,0.011343535335133843,-0.009667939775133666,0.011335358679968606,-0.00948150034944012,0.0,0.0,2.723864023175966e-05,4.539773371959943e-05,4.546626264804271e-05,1.895522029464594e-05,0.00013705785689404774,0.0030126754684921173
1.0,2022-06-30,design,50,-0.003792618763576759,-0.003952847213686685,0.0009932069681666104,-0.0047858257317433695,-0.0049460541818532955,0.05491281996127377,0.054899498246028085,0.10979899649205617,0.5 * sum(abs(stock_weight_change)),0,0.0,0.0,0.25,False,0.0,0.0,0.9998397715498923,0.011997203027077801,-0.008690428753847363,0.011984352805179349,-0.008460363978658065,0.0,0.0,3.293969894761685e-05,5.489949824602809e-05,5.497961247108192e-05,1.740964044519993e-05,0.00016022845010992679,0.001308811659503679
1.0,2022-07-29,design,50,-0.09222505824347157,-0.09240780963615189,-0.09457372438977273,0.002348666146301151,0.0021659147536208373,0.062134780927972165,0.062111449754219825,0.12422289950843965,0.5 * sum(abs(stock_weight_change)),0,0.0,0.0,0.25,False,0.0,0.0,0.9998172486073199,0.013419732571194325,-0.007658271045712605,0.013404810524987433,-0.00739501982804752,0.0,0.0,3.7266869852531894e-05,6.211144975421983e-05,6.220282545055995e-05,2.1170247622998497e-05,0.00018275139268031018,0.0007412521339315412
1.0,2022-08-31,design,50,-0.11165391286051903,-0.11214914976028689,-0.11266052358564559,0.001006610725126561,0.0005113738253586936,0.15477616363419433,0.15470608690820514,0.3094121738164103,0.5 * sum(abs(stock_weight_change)),6,0.05714357648700896,0.02857178824350448,0.25,False,0.0,0.05714357648700896,0.9995047631002323,0.012923680048138623,-0.007527860424432207,0.012903247493604598,-0.006822485504671302,0.0,0.0,9.282365214492308e-05,0.00015470608690820514,0.00015495370535808907,9.275345535665622e-05,0.0004952368997678735,0.0033121594156582616
1.0,2022-09-30,design,50,-0.04666808793177616,-0.04675676549201956,-0.0426982968160385,-0.003969791115737663,-0.004058468675981065,0.03050896805577352,0.03050652948046563,0.06101305896093126,0.5 * sum(abs(stock_weight_change)),0,0.0,0.0,0.25,False,0.0,0.0,0.9999113224397639,0.012682891422441979,-0.0009940665596317715,0.012679833902078505,-0.0008538772705104104,0.0,0.0,1.830391768827938e-05,3.050652948046563e-05,3.0550868260583755e-05,9.316244814073102e-06,8.867756024340186e-05,0.000752988113363449
1.0,2022-10-31,design,49,0.01323573160310727,0.013091481177977234,0.01477925409210571,-0.001543522488998441,-0.0016877729141284766,0.04797387898182143,0.047957822960719335,0.09591564592143867,0.5 * sum(abs(stock_weight_change)),1,0.009981208308067358,0.004990604154033679,0.25,False,0.0,0.009981208308067358,0.9998557495748707,0.011666352694731662,-0.004766370350660106,0.011662286762214763,-0.004547743723952197,0.0,0.0,2.8774693776431604e-05,4.7957822960719335e-05,4.80299481732839e-05,1.9487960219600892e-05,0.00014425042513003573,0.005755047459705286
1.0,2022-11-30,design,50,-0.033840344507616756,-0.03397525423679803,-0.03346230210286627,-0.00037804240475048517,-0.0005129521339317586,0.04547154283540457,0.04545832675567518,0.09091665351135036,0.5 * sum(abs(stock_weight_change)),0,0.0,0.0,0.25,False,0.0,0.0,0.9998650902708206,0.010887478158167239,0.00145392445020057,0.010885720737197313,0.0016128238996206516,0.0,0.0,2.727499605340511e-05,4.545832675567518e-05,4.5525781620264946e-05,1.665062475192524e-05,0.0001349097291812705,0.003218138726961881
1.0,2022-12-30,design,50,0.12118757164370386,0.12106465556859258,0.12202317814621123,-0.0008356065025073717,-0.0009585225776186507,0.041930868388046244,0.041933133076025794,0.08386626615205159,0.5 * sum(abs(stock_weight_change)),0,0.0,0.0,0.25,False,0.0,0.0,0.9998770839249091,0.010535098843167286,0.0005260395816627551,0.010532180070643653,0.0006551587766599268,0.0,0.0,2.5159879845615474e-05,4.19331330760258e-05,4.199459111357137e-05,1.3828471076064542e-05,0.00012291607511127718,0.0011470448222281615
1.0,2023-01-31,design,50,-0.09035504034886464,-0.09044110165604462,-0.09164137993753046,0.0012863395886658219,0.0012002782814858476,0.030238311992552294,0.03024443109680068,0.06048886219360136,0.5 * sum(abs(stock_weight_change)),0,0.0,0.0,0.25,False,0.0,0.0,0.9999139386928492,0.009471589591713573,0.005301969294944824,0.0094702990493834,0.00538751699703258,0.0,0.0,1.8146658658080407e-05,3.0244431096800683e-05,3.028746175037619e-05,7.382755674711369e-06,8.606130717996865e-05,0.0010253474910942417
1.0,2023-02-28,design,50,-0.060030193951239964,-0.0601245109953122,-0.06016043783629139,0.00013024388505142315,3.592684097918769e-05,0.0334045298439797,0.0333957869139046,0.0667915738278092,0.5 * sum(abs(stock_weight_change)),0,0.0,0.0,0.25,False,0.0,0.0,0.9999056829559289,0.008757645771501761,0.002686487713970259,0.008757177742480375,0.002777579382551522,0.0,0.0,2.003747214834276e-05,3.3395786913904604e-05,3.3442945435940185e-05,7.440839574050539e-06,9.431704407223809e-05,0.0010842491262299933
1.0,2023-03-31,design,50,-0.04746873197980972,-0.04754861660008667,-0.05120330779316794,0.003734575813358218,0.003654691193081268,0.028376208947175328,0.02837639738823083,0.05675279477646166,0.5 * sum(abs(stock_weight_change)),0,0.0,0.0,0.25,False,0.0,0.0,0.9999201153797331,0.009732947498871155,0.0036900780651374712,0.009729749567205853,0.003758739333805704,0.0,0.0,1.7025838432938498e-05,2.837639738823083e-05,2.8416339698364128e-05,6.066044757416684e-06,7.988462027695013e-05,0.0016074997967382555
1.0,2023-04-28,design,49,-0.04269398706569419,-0.043211357153323866,-0.0433797934429153,0.0006858063772211126,0.00016843628959143514,0.16387870413303773,0.16381515243981604,0.3276303048796321,0.5 * sum(abs(stock_weight_change)),7,0.03099021181945565,0.015495105909727825,0.25,False,0.0,0.03099021181945565,0.9994826299123712,0.007825919710553127,-0.000952576169231098,0.007785221842260528,-0.0005509290584978194,0.0,0.0,9.828909146388962e-05,0.00016381515243981605,0.00016407383748363044,9.119200624233972e-05,0.0005173700876296758,0.012891117581776397
1.0,2023-05-31,design,49,0.038292103985029045,0.03815996255880566,0.03547421497019286,0.002817889014836185,0.0026857475886127996,0.044489929444039955,0.04448410911144303,0.08896821822288606,0.5 * sum(abs(stock_weight_change)),0,0.0,0.0,0.25,False,0.0,0.0,0.9998678585737826,0.008727699570932201,0.004390265132868915,0.008718469089003074,0.004460638580666507,0.0,0.0,2.669046546686582e-05,4.448410911144303e-05,4.4550179824551705e-05,1.641667182052393e-05,0.00013214142622338447,0.002490071763022231
1.0,2023-06-30,design,50,-0.023986475039862946,-0.024047025103714023,-0.02525526614930209,0.0012687911094391435,0.0012082410455880668,0.021228848341167884,0.021228563355041998,0.042457126710083996,0.5 * sum(abs(stock_weight_change)),0,0.0,0.0,0.25,False,0.0,0.0,0.9999394499361558,0.008931565912324878,-0.0008459973050551056,0.008926498814498264,-0.000793149609476451,0.0,0.0,1.2737138013025198e-05,2.1228563355042e-05,2.1258838386964076e-05,5.325524096045203e-06,6.055006385107647e-05,0.0044277511680316855
1.0,2023-07-31,validation,50,-0.1158436245955004,-0.11594450316995636,-0.11907978099072128,0.003236156395220874,0.00313527782076492,0.03524082201940947,0.03524255430724463,0.07048510861448926,0.5 * sum(abs(stock_weight_change)),0,0.0,0.0,0.25,False,0.0,0.0,0.9998991214255575,0.010088624038019332,-0.004295763246299572,0.010082130955496106,-0.004211057937155491,0.0,0.0,2.1145532584346777e-05,3.524255430724463e-05,3.529299359446575e-05,9.197493969902173e-06,0.00010087857445595933,0.0015083238236543184
1.0,2023-08-31,validation,48,-0.07463731973272392,-0.07489837154088497,-0.07369538063245554,-0.0009419391002683797,-0.00120299090842943,0.10090107857856308,0.10090539427849132,0.20181078855698265,0.5 * sum(abs(stock_weight_change)),5,0.02526980770836157,0.012634903854180785,0.25,False,0.0,0.02526980770836157,0.9997389481918424,0.009579384177726745,-0.008858775795567922,0.009561880458342584,-0.008622128792861691,0.0,0.0,6.054323656709479e-05,0.00010090539427849132,5.0517960091285077e-05,4.908521722418075e-05,0.00026105180816105196,0.007945004944977987
1.0,2023-09-28,validation,44,-0.025717258223835048,-0.02581049511647884,-0.024942442982099584,-0.0007748152417354631,-0.0008680521343792554,0.03781044770369366,0.037798285345684086,0.07559657069136817,0.5 * sum(abs(stock_weight_change)),4,0.017265608627167455,0.008632804313583728,0.25,False,0.0,0.017265608627167455,0.9999067576118766,0.009409884427625215,-0.00924533375895352,0.009403422125603985,-0.009151070102197099,5.495479567772538e-09,5.6410785994143976e-09,2.2678971207410452e-05,3.7798285345684086e-05,1.8922453269872912e-05,1.3837182820824943e-05,9.323689264379239e-05,0.01125906143021461
1.0,2023-10-31,validation,45,-0.04278463865291302,-0.04288251275943313,-0.04638786356309041,0.003603224910177387,0.003505350803657277,0.041083898021167804,0.04107579210839693,0.08215158421679386,0.5 * sum(abs(stock_weight_change)),0,0.0,0.0,0.25,False,5.6410785994143976e-09,5.6410785994143976e-09,0.9999021258939406,0.01103725014698502,-0.014969109613488135,0.011029390243466134,-0.014858392471958505,0.0,0.0,2.464547526503816e-05,4.107579210839693e-05,2.0562363170443704e-05,1.1590475976230981e-05,9.787410652010977e-05,0.002893076804548468
1.0,2023-11-30,validation,47,0.008807532075618619,0.008710871296380424,0.00903710620061471,-0.00022957412499609135,-0.0003262349042342863,0.03887589703215441,0.03887590310280189,0.07775180620560378,0.5 * sum(abs(stock_weight_change)),0,0.0,0.0,0.25,False,0.0,0.0,0.9999033392207636,0.010021284120966251,-0.0173907793596796,0.010014101974996087,-0.017263594132793582,0.0,0.0,2.3325541861681133e-05,3.887590310280189e-05,1.946211674621005e-05,1.4997217527501385e-05,9.666077923819446e-05,0.01660248718615869
1.0,2023-12-29,validation,46,-0.1864467719330169,-0.186521426945152,-0.19354037310242866,0.007093601169411767,0.007018946157276662,0.029815719295683434,0.029800022646872475,0.05960004529374495,0.5 * sum(abs(stock_weight_change)),1,0.008345055509710103,0.004172527754855051,0.25,False,0.0,0.008345055509710103,0.9999253276839009,0.011100566549195579,-0.021891706249333516,0.01109467422210163,-0.021788839682324555,1.7303964037679634e-08,2.127156708344294e-08,1.7880013588123484e-05,2.9800022646872475e-05,1.4918679402461077e-05,1.2056296497649997e-05,7.465501213510703e-05,0.016368270111719332
1.0,2024-01-31,validation,49,0.12011948301500099,0.11998783218209337,0.11981958656400336,0.0002998964509976221,0.00016824561809000715,0.053313054611231245,0.05331037193017442,0.10662074386034884,0.5 * sum(abs(stock_weight_change)),0,0.0,0.0,0.25,False,2.1271567083442937e-08,2.1271567083442937e-08,0.9998683491670934,0.010803635671358416,-0.021821980359811293,0.010790971892414337,-0.021632268465052097,0.0,0.0,3.1986223158104654e-05,5.331037193017442e-05,2.6688093355422042e-05,1.966614446391476e-05,0.00013165083290761587,0.009325348067318742
1.0,2024-02-29,validation,50,0.0387950538229433,0.0387035938026981,0.03484647710324497,0.003948576719698331,0.003857116699453128,0.03547292280233247,0.03547517561931922,0.07095035123863844,0.5 * sum(abs(stock_weight_change)),0,0.0,0.0,0.25,False,0.0,0.0,0.999908539979757,0.00976373890081891,-0.015515679426356677,0.009754728661103149,-0.01536672183468821,0.0,0.0,2.1285105371591532e-05,3.547517561931922e-05,1.776045281472036e-05,1.6939286439572035e-05,9.146002024520315e-05,0.010499735525864012
1.0,2024-03-29,validation,50,0.003222676077355361,0.003077238740482067,0.003018116401208368,0.000204559676146993,5.912233927369897e-05,0.057776149496447556,0.057779885147000276,0.11555977029400055,0.5 * sum(abs(stock_weight_change)),0,0.0,0.0,0.25,False,0.0,0.0,0.9998545626631297,0.012015361254364443,-0.027300539810552693,0.011995808543881417,-0.027033372577799294,0.0,0.0,3.4667931088200164e-05,5.7779885147000275e-05,2.8926301907717722e-05,2.4063218730375758e-05,0.0001454373368732939,0.0027213828297215823
1.0,2024-04-30,validation,49,-0.025071512900139776,-0.025314866434140625,-0.027587035003175265,0.002515522103035489,0.0022721685690346403,0.08723440712718361,0.0872243167246824,0.1744486334493648,0.5 * sum(abs(stock_weight_change)),3,0.017635351975120343,0.008817675987560171,0.25,False,0.0,0.017635351975120343,0.9997566464659994,0.014803732232699464,-0.0405346575070035,0.014763620645501869,-0.04006395755252084,0.0,0.0,5.2334590034809434e-05,8.722431672468239e-05,4.367299674584134e-05,6.012163049551476e-05,0.0002433535340008479,0.009891636228202782
1.0,2024-05-31,validation,49,-0.10570580650547548,-0.10580430186353379,-0.10991766851165928,0.0042118620061838,0.004113366648125491,0.038591036470092085,0.03859052055688433,0.07718104111376865,0.5 * sum(abs(stock_weight_change)),0,0.0,0.0,0.25,False,0.0,0.0,0.9999015046419424,0.013467421850550838,-0.03172245624438313,0.013452374244466093,-0.03153552966286071,0.0,0.0,2.3154312334130593e-05,3.859052055688433e-05,1.931988411795652e-05,1.7430641049341656e-05,9.84953580583131e-05,0.00585788289912556
1.0,2024-06-28,validation,46,0.022729003459386953,0.022622183600032732,0.023245543178926062,-0.0005165397195391087,-0.0006233595788933295,0.04013705430737674,0.04011824911765153,0.08023649823530306,0.5 * sum(abs(stock_weight_change)),3,0.01540844811559512,0.00770422405779756,0.25,False,0.0,0.01540844811559512,0.9998931597488074,0.012520725444097226,-0.02492786678453498,0.012505915063927817,-0.024717555057959965,2.0391838344042002e-08,1.9940735367440098e-08,2.407094947059092e-05,4.011824911765153e-05,2.0085834621623893e-05,2.2544826144353306e-05,0.00010681985935421964,0.009875094652855024
1.0,2024-07-31,final_holdout,43,-0.03916674006747338,-0.0393462004821138,-0.04255917980363747,0.003392439736164092,0.0032129793215236735,0.062074968550861,0.06203776887348707,0.12407553774697413,0.5 * sum(abs(stock_weight_change)),3,0.029825518794950042,0.014912759397475021,0.25,False,1.99407353674401e-08,0.02982553873568541,0.9998204870584784,0.012670056753048503,-0.021075552176757693,0.01264994666120618,-0.020722522552094898,5.252688121027034e-08,5.467826311271707e-08,3.7222661324092246e-05,6.203776887348707e-05,3.1063757686940117e-05,4.913622675590152e-05,0.00017946041464042095,0.01824597363752852
1.0,2024-08-30,final_holdout,43,0.3178800883360731,0.31742597455674004,0.3224782399547499,-0.004598151618676771,-0.0050522653980098475,0.14915382447322184,0.1491185235680736,0.2982370471361472,0.5 * sum(abs(stock_weight_change)),4,0.03928815930628481,0.019644079653142407,0.25,False,5.467826311271708e-08,0.039288213984547925,0.9995458862208553,0.012125998917162376,-0.01883851979672397,0.012082316411693375,-0.017920810022225987,0.0,0.0,8.947111414084415e-05,0.0001491185235680736,7.46727765592572e-05,0.0001408513650649231,0.0004541137793330981,0.0204245181669201
1.0,2024-09-30,final_holdout,47,-0.011932355364981615,-0.012068199930944235,-0.008189526597697864,-0.0037428287672837506,-0.0038786733332463706,0.050460621587520293,0.050468169997216476,0.10093633999443295,0.5 * sum(abs(stock_weight_change)),0,0.0,0.0,0.25,False,0.0,0.0,0.9998641554340457,0.012767546305223532,-0.025249239794795396,0.012751701162347223,-0.025057841093600902,0.0,0.0,3.0280901998329884e-05,5.046816999721647e-05,2.526804614009685e-05,2.9827447826977162e-05,0.00013584456596262037,0.023255829107101063
1.0,2024-10-31,final_holdout,49,0.026499764952854197,0.026400303219435897,0.029184292726914106,-0.002684527774059909,-0.0027839895074782094,0.03864071547958846,0.038645201026649055,0.07729040205329811,0.5 * sum(abs(stock_weight_change)),0,0.0,0.0,0.25,False,0.0,0.0,0.9999005382665863,0.016029047437490965,-0.029731610218303096,0.01600951968213511,-0.029586036923192227,0.0,0.0,2.3187120615989432e-05,3.8645201026649056e-05,1.9347465946677932e-05,1.8281945828983148e-05,9.946173341829956e-05,0.003658972972231193
1.0,2024-11-29,final_holdout,49,-0.06182122897123462,-0.06192338959646756,-0.06753113038152006,0.005709901410285441,0.005607740785052502,0.04151842829486525,0.04151720474904388,0.08303440949808776,0.5 * sum(abs(stock_weight_change)),0,0.0,0.0,0.25,False,0.0,0.0,0.9998978393747678,0.016061329177373365,-0.028609115238009276,0.016039540705803008,-0.028464843954871283,0.0,0.0,2.4910322849426325e-05,4.151720474904388e-05,2.0784142530829952e-05,1.4948955103637882e-05,0.00010216062523293804,0.0009955802371120605
1.0,2024-12-31,final_holdout,49,-0.016430583638268347,-0.016538803834926112,-0.018539494406649384,0.002108910768381038,0.0020006905717232723,0.04212617251081713,0.042139541812895004,0.08427908362579001,0.5 * sum(abs(stock_weight_change)),0,0.0,0.0,0.25,False,0.0,0.0,0.9998917798033571,0.013791752275678693,-0.024004725884560554,0.013768747135301585,-0.023852544615490835,0.0,0.0,2.5283725087737002e-05,4.2139541812895e-05,2.1096825955608222e-05,1.9700103801527074e-05,0.0001082201966577673,0.001236529032669727
1.0,2025-01-27,final_holdout,48,0.0925699166382554,0.09247046265249947,0.09626376411155546,-0.003693847473300066,-0.0037933014590559866,0.03959622085708306,0.039571217004035916,0.07914243400807183,0.5 * sum(abs(stock_weight_change)),1,0.00472645278879239,0.002363226394396195,0.25,False,0.0,0.00472645278879239,0.9999005113106632,0.013192452941148389,-0.02104470167466349,0.013172162075638075,-0.020905757989016047,3.470358091890171e-08,3.1766150303635685e-08,2.374273020242155e-05,3.957121700403592e-05,1.981048067435217e-05,1.6329557875117754e-05,9.945398575592739e-05,0.006036963482967151
1.0,2025-02-28,final_holdout,49,-0.0441216276933906,-0.04422926098771007,-0.04500456878795605,0.0008829410945654509,0.0007753078002459765,0.044808417323878774,0.044801744751699395,0.08960348950339879,0.5 * sum(abs(stock_weight_change)),0,0.0,0.0,0.25,False,3.176615030363569e-08,3.176615030363569e-08,0.9998923667056807,0.013013600972925723,-0.019293492598160152,0.012993513714312184,-0.01914315936980675,0.0,0.0,2.6881046851019635e-05,4.48017447516994e-05,2.242777275789199e-05,1.3522729958865955e-05,0.00010763329431947697,0.009538673404668227
1.0,2025-03-31,final_holdout,48,-0.08446127209273636,-0.08452722694388135,-0.08715303061747873,0.002691758524742363,0.002625803673597382,0.027823381366256734,0.02782655861668869,0.05565311723337738,0.5 * sum(abs(stock_weight_change)),1,0.005820730548847864,0.002910365274423932,0.25,False,0.0,0.005820730548847864,0.9999340451488578,0.012019096544857902,-0.019144196469102332,0.012006448211170702,-0.019052503061142003,0.0,0.0,1.6695935170013214e-05,2.782655861668869e-05,1.392976802112991e-05,7.502589337150677e-06,6.59548511449825e-05,0.009371881159886828
1.0,2025-04-30,final_holdout,48,0.011378766948601723,0.011159179548242207,0.012139796530505034,-0.0007610295819033101,-0.0009806169822628268,0.08177488231186478,0.08177694473682195,0.1635538894736439,0.5 * sum(abs(stock_weight_change)),3,0.015493845617413182,0.007746922808706591,0.25,False,0.0,0.015493845617413182,0.9997804125996437,0.00924055822393891,-0.02171976783342608,0.009211715523876934,-0.021390140882644595,0.0,0.0,4.9066166842093175e-05,8.177694473682196e-05,4.094336921850006e-05,4.780091956210154e-05,0.00021958740035951674,0.008694803588282373
1.0,2025-05-30,final_holdout,46,0.08013729901335989,0.08002877108035616,0.08568810442393912,-0.005550805410579229,-0.005659333343582956,0.04186667433897475,0.04185090992825546,0.08370181985651091,0.5 * sum(abs(stock_weight_change)),2,0.012582133454815365,0.006291066727407682,0.25,False,0.0,0.012582133454815365,0.999891458551262,0.009514654557927693,-0.025093473581514633,0.009502358136856062,-0.02492595248663916,1.3515734221877383e-08,1.2514235346117262e-08,2.5110545956953273e-05,4.185090992825546e-05,2.0952590326312242e-05,2.061388679221039e-05,0.00010852793300373136,0.012994429399912638
1.0,2025-06-30,final_holdout,49,0.012989701007851316,0.0128760131381737,0.011159393302575744,0.001830307705275572,0.0017166198355979562,0.04495302519756361,0.04495199773024118,0.08990399546048236,0.5 * sum(abs(stock_weight_change)),0,0.0,0.0,0.25,False,1.2514235346117259e-08,1.2514235346117259e-08,0.999886312130324,0.00929698902722012,-0.026767218307526933,0.009284592467481891,-0.026582734681135846,0.0,0.0,2.697119863814471e-05,4.4951997730241176e-05,2.2504417703980708e-05,1.9260255605250014e-05,0.00011368786967761661,0.00808860474919243
1.0,2025-07-31,final_holdout,49,0.21923967753924836,0.219164133676322,0.21870858359125162,0.0005310939479967469,0.0004555500850703942,0.03314804287089126,0.033151452752606315,0.06630290550521263,0.5 * sum(abs(stock_weight_change)),0,0.0,0.0,0.25,False,0.0,0.0,0.9999244561370771,0.008147828689628331,-0.022437760366002403,0.00814057559694536,-0.02230995078156145,0.0,0.0,1.989087165156379e-05,3.3151452752606315e-05,1.659461234203386e-05,5.906926180156684e-06,7.554386292636065e-05,0.0008231754834552554
2.0,2022-04-29,design,49,0.1388782619145587,0.13850745646450516,0.14393355227036145,-0.0050552903558027384,-0.00542609580585629,0.060870377696082265,0.06087095602724796,0.12174191205449592,0.5 * sum(abs(stock_weight_change)),0,0.0,0.0,0.25,False,0.0,0.0,0.9996291945503483,0.0132570956409128,-0.010461532172131607,0.013243620100470439,-0.009984825603578471,0.0,0.0,7.304514723269755e-05,0.00012174191205449592,0.00012211271750414747,5.3905673262198914e-05,0.0003708054500535399,0.0013415422675554466
2.0,2022-05-31,design,49,0.2773130314282971,0.27703880762663724,0.2752256669352955,0.00208736449300162,0.0018131406913417525,0.045403878121033046,0.04539338860533923,0.09078677721067846,0.5 * sum(abs(stock_weight_change)),0,0.0,0.0,0.25,False,0.0,0.0,0.9997257761984686,0.011351910645251253,-0.009854526232307929,0.011335358679968606,-0.00948150034944012,0.0,0.0,5.447206632640708e-05,9.078677721067846e-05,9.106100101221007e-05,3.790395711055994e-05,0.00027422380165985556,0.0030115547475233727
2.0,2022-06-30,design,50,-0.0037920106809149912,-0.00411254663031978,0.0009932069681666104,-0.004785217649081601,-0.00510575359848639,0.054912819961273736,0.0548861699584771,0.1097723399169542,0.5 * sum(abs(stock_weight_change)),0,0.0,0.0,0.25,False,0.0,0.0,0.9996794640506337,0.01201032295482347,-0.00892060703213294,0.011984352805179349,-0.008460363978658065,0.0,0.0,6.586340395017252e-05,0.00010977233991695421,0.00011009287586632053,3.4807329671341516e-05,0.0003205359494047888,0.0013086018135562525
2.0,2022-07-29,design,50,-0.09220819677094498,-0.09257374437314313,-0.09457372438977273,0.002365527618827745,0.001999980016629599,0.06213478092797216,0.06208811285887325,0.1241762257177465,0.5 * sum(abs(stock_weight_change)),0,0.0,0.0,0.25,False,0.0,0.0,0.9996344523978071,0.013434964364274264,-0.007921586821494362,0.013404810524987433,-0.00739501982804752,0.0,0.0,7.45057354306479e-05,0.0001241762257177465,0.00012454177331993935,4.232386772981647e-05,0.0003655476021981502,0.0007405563187957976
2.0,2022-08-31,design,50,-0.11159858327211156,-0.1125891202087254,-0.11266052358564559,0.0010619403135340294,7.140337692018717e-05,0.15477616363419436,0.1546360012482298,0.3092720024964596,0.5 * sum(abs(stock_weight_change)),6,0.05714357648700897,0.028571788243504485,0.25,False,0.0,0.05714357648700897,0.9990094630633881,0.012946476722523756,-0.008233325271478846,0.012903247493604598,-0.006822485504671302,0.0,0.0,0.00018556320149787576,0.00030927200249645956,0.00031026253943307157,0.00018543919318644161,0.0009905369366138485,0.0033121594156582607
2.0,2022-09-30,design,50,-0.046663945563822896,-0.046841377577200735,-0.0426982968160385,-0.003965648747784399,-0.004143080761162238,0.030508968055773508,0.03050408879065596,0.06100817758131192,0.5 * sum(abs(stock_weight_change)),0,0.0,0.0,0.25,False,0.0,0.0,0.9998225679867374,0.012686025121385105,-0.0011343774076409373,0.012679833902078505,-0.0008538772705104104,0.0,0.0,3.660490654878715e-05,6.1008177581311915e-05,6.118560959457468e-05,1.86333196531617e-05,0.00017743201337783545,0.0007525693531504915
2.0,2022-10-31,design,49,0.013233821384844349,0.012945268946757701,0.01477925409210571,-0.0015454327072613617,-0.0018339851453480095,0.04797387898182142,0.04794176119755414,0.09588352239510828,0.5 * sum(abs(stock_weight_change)),1,0.009981208308067358,0.004990604154033679,0.25,False,0.0,0.009981208308067358,0.9997114475619264,0.011670623880327224,-0.004985075164104329,0.011662286762214763,-0.004547743723952197,0.0,0.0,5.7530113437064964e-05,9.588352239510828e-05,9.617207483318197e-05,3.896672742129305e-05,0.00028855243808664825,0.005755047459705286
2.0,2022-11-30,design,50,-0.03383577634443804,-0.03410565948941701,-0.03346230210286627,-0.0003734742415717682,-0.00064335738655074,0.045471542835404534,0.045445104437054976,0.09089020887410995,0.5 * sum(abs(stock_weight_change)),0,0.0,0.0,0.25,False,0.0,0.0,0.9997301168550495,0.010889394996536482,0.0012949499894051933,0.010885720737197313,0.0016128238996206516,0.0,0.0,5.453412532446598e-05,9.089020887410995e-05,9.116009201906052e-05,3.329871876133293e-05,0.00026988314497896937,0.003217704305177752
2.0,2022-12-30,design,50,0.12117265754547542,0.12092669036140449,0.12202317814621123,-0.0008505206007358157,-0.0010964877848067406,0.04193086838804626,0.04193540025195408,0.08387080050390816,0.5 * sum(abs(stock_weight_change)),0,0.0,0.0,0.25,False,0.0,0.0,0.9997540328162536,0.010538143291344467,0.00039677853845622446,0.010532180070643653,0.0006551587766599268,0.0,0.0,5.03224803023449e-05,8.387080050390816e-05,8.411676768765458e-05,2.7657135577012968e-05,0.0002459671840709206,0.0011479926892583685
2.0,2023-01-31,design,50,-0.09034725276935779,-0.090519495315645,-0.09164137993753046,0.0012941271681726763,0.0011218846218854633,0.030238311992552298,0.030250558728382764,0.06050111745676553,0.5 * sum(abs(stock_weight_change)),0,0.0,0.0,0.25,False,0.0,0.0,0.9998277574541764,0.009472941411506161,0.005216302377074404,0.0094702990493834,0.00538751699703258,0.0,0.0,3.630067047405932e-05,6.050111745676553e-05,6.067336000258911e-05,1.4767398353792882e-05,0.00017224254628720684,0.0010247272055022843
2.0,2023-02-28,design,50,-0.060024528942077736,-0.06021320641518591,-0.06016043783629139,0.0001359088942136516,-5.276857889452424e-05,0.03340452984397971,0.03338703996216447,0.06677407992432895,0.5 * sum(abs(stock_weight_change)),0,0.0,0.0,0.25,False,0.0,0.0,0.9998113225269104,0.008758184827093483,0.002595354144083902,0.008757177742480375,0.002777579382551522,0.0,0.0,4.0064447954597374e-05,6.677407992432895e-05,6.69627573974187e-05,1.4876187831828322e-05,0.00018867747310817335,0.0010846716317059794
2.0,2023-03-31,design,50,-0.047464935824465274,-0.04762478575957211,-0.05120330779316794,0.003738371968702664,0.003578522033595828,0.02837620894717532,0.02837658601963763,0.05675317203927526,0.5 * sum(abs(stock_weight_change)),0,0.0,0.0,0.25,False,0.0,0.0,0.9998401500650574,0.009736184146531553,0.00362134743918259,0.009729749567205853,0.003758739333805704,0.0,0.0,3.405190322356516e-05,5.675317203927526e-05,5.691302197421767e-05,1.21318378697779e-05,0.00015984993510683598,0.0016067703381249549
2.0,2023-04-28,design,49,-0.04267188185321018,-0.043706743452579355,-0.0433797934429153,0.0007079115897051236,-0.00032695000966405374,0.16387870413303773,0.1637515858313389,0.3275031716626778,0.5 * sum(abs(stock_weight_change)),7,0.030990211819455646,0.015495105909727823,0.25,False,0.0,0.030990211819455646,0.9989651384006442,0.007868445407220898,-0.0013543175444752005,0.007785221842260528,-0.0005509290584978194,0.0,0.0,0.00019650190299760667,0.00032750317166267776,0.0003285380332620335,0.0001823184914468563,0.0010348615993691743,0.012884443084665995
2.0,2023-05-31,design,49,0.038287039711350716,0.03802266202870582,0.03547421497019286,0.002812824741157856,0.0025484470585129607,0.04448992944403996,0.04447828460193649,0.08895656920387297,0.5 * sum(abs(stock_weight_change)),0,0.0,0.0,0.25,False,0.0,0.0,0.9997356223174526,0.008737026878010699,0.004319841182195767,0.008718469089003074,0.004460638580666507,0.0,0.0,5.337394152232379e-05,8.895656920387297e-05,8.922094688642035e-05,3.282622503227797e-05,0.0002643776826448951,0.002491093246332787
2.0,2023-06-30,design,50,-0.023985021163731357,-0.024106179887226804,-0.02525526614930209,0.001270244985570733,0.0011490862620752856,0.021228848341167873,0.021228278093128414,0.04245655618625683,0.5 * sum(abs(stock_weight_change)),0,0.0,0.0,0.25,False,0.0,0.0,0.9998788412766139,0.008936655154628699,-0.0008988961425712661,0.008926498814498264,-0.000793149609476451,0.0,0.0,2.54739337117541e-05,4.245655618625683e-05,4.257771490964303e-05,1.0650518687794412e-05,0.00012115872349544837,0.0044274827917184035
2.0,2023-07-31,validation,50,-0.11583192531777178,-0.11603378569063376,-0.11907978099072128,0.0032478556729494956,0.00304599530008752,0.035240822019409486,0.035244288367639216,0.07048857673527843,0.5 * sum(abs(stock_weight_change)),0,0.0,0.0,0.25,False,0.0,0.0,0.9997981396273534,0.01009516422110686,-0.004380555229950128,0.010082130955496106,-0.004211057937155491,0.0,0.0,4.2293146041167064e-05,7.048857673527842e-05,7.069043710792508e-05,1.838821297759932e-05,0.0002018603728619699,0.001510118266093269
2.0,2023-08-31,validation,48,-0.07461782108208723,-0.0751400500138713,-0.07369538063245554,-0.0009224404496316896,-0.0014446693814157696,0.10090107857856308,0.10090971205012977,0.20181942410025955,0.5 * sum(abs(stock_weight_change)),5,0.025269807708361562,0.012634903854180781,0.25,False,0.0,0.025269807708361562,0.9994777710682736,0.009597183868365193,-0.00909553639839322,0.009561880458342584,-0.008622128792861691,0.0,0.0,0.00012109165446015573,0.00020181942410025955,0.00010117082651599301,9.814702670767769e-05,0.000522228931784086,0.007945004944977985
2.0,2023-09-28,validation,44,-0.025714860061651898,-0.02590132288683982,-0.024942442982099584,-0.0007724170795523136,-0.0009588799047402369,0.037810447703693684,0.037786122987674496,0.07557224597534899,0.5 * sum(abs(stock_weight_change)),4,0.017265608627167455,0.008632804313583728,0.25,False,0.0,0.017265608627167455,0.9998135152237531,0.009416383279679103,-0.009339597415710194,0.009403422125603985,-0.009151070102197099,2.1951059018816398e-08,2.2534738558387715e-08,4.534334758520939e-05,7.557224597534899e-05,3.7879365375797917e-05,2.7667866251567257e-05,0.00018646282518792356,0.01125906143021461
2.0,2023-10-31,validation,45,-0.04278045015939382,-0.042976211818229436,-0.04638786356309041,0.003607413403696587,0.003411651744860973,0.041083898726239756,0.04106768578704378,0.08213537157408755,0.5 * sum(abs(stock_weight_change)),0,0.0,0.0,0.25,False,2.253473855838771e-08,2.253473855838771e-08,0.9998042383411647,0.01104514616386758,-0.01507984196621164,0.011029390243466134,-0.014858392471958505,0.0,0.0,4.928122294445253e-05,8.213537157408755e-05,4.116555534909203e-05,2.3179508967980422e-05,0.00019576165883561253,0.002892793580619789
2.0,2023-11-30,validation,47,0.008806680194318349,0.00861330685704573,0.00903710620061471,-0.0002304260062963616,-0.00042379934356897957,0.0388758970321544,0.03887590917670131,0.07775181835340263,0.5 * sum(abs(stock_weight_change)),0,0.0,0.0,0.25,False,0.0,0.0,0.9998066266627572,0.010028501088032847,-0.017518032716521727,0.010014101974996087,-0.017263594132793582,0.0,0.0,4.6651091012041576e-05,7.775181835340263e-05,3.8972595845322855e-05,2.999783206185057e-05,0.00019337333727261762,0.016600881361933422
2.0,2023-12-29,validation,46,-0.18643284848103103,-0.18658212395031454,-0.19354037310242866,0.007107524621397632,0.0069582491521141265,0.029815719295683454,0.029784325998061616,0.05956865199612323,0.5 * sum(abs(stock_weight_change)),1,0.0083450555097101,0.00417252775485505,0.25,False,0.0,0.0083450555097101,0.9998506553678018,0.01110647597300986,-0.02199457281634205,0.01109467422210163,-0.021788839682324555,6.91629146869514e-08,8.502753224804561e-08,3.574119119767394e-05,5.956865199612323e-05,2.9858998314160723e-05,2.4106627775533552e-05,0.00014927546928349144,0.01636827011171933
2.0,2024-01-31,validation,49,0.12010366081107958,0.11984030677299766,0.11981958656400336,0.00028407424707621587,2.072020899429594e-05,0.05331305251137676,0.053307686082061,0.106615372164122,0.5 * sum(abs(stock_weight_change)),0,0.0,0.0,0.25,False,8.502753224804561e-08,8.502753224804561e-08,0.9997366459619347,0.010816366728400214,-0.022011767724197016,0.010790971892414337,-0.021632268465052097,0.0,0.0,6.39692232984732e-05,0.000106615372164122,5.343932058732752e-05,3.933012203200339e-05,0.0002633540380819261,0.009324119727377077
2.0,2024-02-29,validation,50,0.038791503250376634,0.03860853033138091,0.03484647710324497,0.003945026147131665,0.003762053228135942,0.035472922802332434,0.03547742973879335,0.0709548594775867,0.5 * sum(abs(stock_weight_change)),0,0.0,0.0,0.25,False,0.0,0.0,0.9998170270810397,0.009772799095529524,-0.015664723139263446,0.009754728661103149,-0.01536672183468821,0.0,0.0,4.257291568655202e-05,7.09548594775867e-05,3.5568916198273514e-05,3.3876227633313314e-05,0.00018297291899572554,0.010498774576741846
2.0,2024-03-29,validation,50,0.003222207054950394,0.0029312527065964555,0.003018116401208368,0.00020409065374202588,-8.686369461191265e-05,0.05777614949644759,0.05778362284404491,0.11556724568808982,0.5 * sum(abs(stock_weight_change)),0,0.0,0.0,0.25,False,0.0,0.0,0.9997090456516939,0.01203503049983561,-0.027567853404850046,0.011995808543881417,-0.027033372577799294,0.0,0.0,6.934034741285388e-05,0.00011556724568808983,5.792910001819802e-05,4.8117655234796956e-05,0.0002909543483539387,0.0027195892120059125
2.0,2024-04-30,validation,49,-0.025065408899058648,-0.025552166797020857,-0.027587035003175265,0.002521626104116617,0.0020348682061544082,0.08723440712718361,0.0872142242145696,0.1744284484291392,0.5 * sum(abs(stock_weight_change)),3,0.01763535197512035,0.008817675987560175,0.25,False,0.0,0.01763535197512035,0.9995132421020426,0.01484408313608933,-0.04100545577794657,0.014763620645501869,-0.04006395755252084,0.0,0.0,0.00010465706905748354,0.00017442844842913922,8.745760316354846e-05,0.00012021477731203754,0.00048675789796220876,0.009891636228202785
2.0,2024-05-31,validation,49,-0.1056953895923273,-0.10589242151593835,-0.10991766851165928,0.0042222789193319815,0.0040252469957209325,0.03859103647009208,0.03859000442783407,0.07718000885566814,0.5 * sum(abs(stock_weight_change)),0,0.0,0.0,0.25,False,0.0,0.0,0.9998029680764035,0.013482520159185156,-0.031909461030338884,0.013452374244466093,-0.03153552966286071,0.0,0.0,4.630800531340089e-05,7.718000885566814e-05,3.8688520389632305e-05,3.4855389052349504e-05,0.00019703192361105083,0.005856381971912164
2.0,2024-06-28,validation,46,0.022726574827472357,0.022512975822951697,0.023245543178926062,-0.0005189683514537045,-0.0007325673559743645,0.04013705430737674,0.04009944392792625,0.0801988878558525,0.5 * sum(abs(stock_weight_change)),3,0.01540844811559512,0.00770422405779756,0.25,False,0.0,0.01540844811559512,0.9997863194976151,0.012535598286243168,-0.025138178511110436,0.012505915063927817,-0.024717555057959965,8.14978642444883e-08,7.970350124788995e-08,4.81193327135115e-05,8.01988878558525e-05,4.020628417911881e-05,4.507449977217804e-05,0.00021359900452066084,0.009875094652855024
2.0,2024-07-31,final_holdout,43,-0.039159707867968054,-0.03951852377529906,-0.04255917980363747,0.003399471935669418,0.0030406560283384107,0.06207497722546455,0.06200057786852009,0.12400115573704018,0.5 * sum(abs(stock_weight_change)),3,0.0298255170124945,0.01491275850624725,0.25,False,7.970350124788994e-08,0.029825596715995748,0.9996409741063564,0.012690344599256472,-0.02142858182226678,0.01264994666120618,-0.020722522552094898,2.0998631255477948e-07,2.1862609300926695e-07,7.440069344222411e-05,0.00012400115573704017,6.218005096359117e-05,9.823400718815064e-05,0.0003588159073310061,0.018245972547098643
2.0,2024-08-30,final_holdout,43,0.31773566307802276,0.3168274168198472,0.3224782399547499,-0.004742576876727134,-0.005650823134902672,0.14915381276439366,0.14908320950044623,0.29816641900089247,0.5 * sum(abs(stock_weight_change)),4,0.039288152865076,0.019644076432538,0.25,False,2.1862609300926695e-07,0.039288371491169004,0.9990917537418247,0.012170654138449113,-0.01975626736146109,0.012082316411693375,-0.017920810022225987,0.0,0.0,0.0001788998514005355,0.00029816641900089246,0.0001495372233164874,0.00028164276445762185,0.0009082462581755372,0.020415238515834523
2.0,2024-09-30,final_holdout,47,-0.011930732923566818,-0.012202528939751305,-0.008189526597697864,-0.0037412063258689537,-0.004013002342053441,0.050460621587520293,0.05047572434609249,0.10095144869218498,0.5 * sum(abs(stock_weight_change)),0,0.0,0.0,0.25,False,0.0,0.0,0.999728203983948,0.012783484332214469,-0.025440789090796844,0.012751701162347223,-0.025057841093600902,0.0,0.0,6.0570869215310986e-05,0.00010095144869218497,5.061162235411861e-05,5.966207592287315e-05,0.0002717960161844877,0.023252667013857545
2.0,2024-10-31,final_holdout,49,0.026497127061903703,0.026298131291565822,0.029184292726914106,-0.0026871656650104027,-0.0028861614353482834,0.038640715479588444,0.03864968983446577,0.07729937966893154,0.5 * sum(abs(stock_weight_change)),0,0.0,0.0,0.25,False,0.0,0.0,0.9998010042297383,0.016048651559786062,-0.029877289337521824,0.01600951968213511,-0.029586036923192227,0.0,0.0,4.6379627801358924e-05,7.729937966893153e-05,3.874918771959669e-05,3.6567575147992984e-05,0.00019899577033788012,0.003658608743653742
2.0,2024-11-29,final_holdout,49,-0.06181491021298527,-0.06201927056518664,-0.06753113038152006,0.005716220168534791,0.005511859816333418,0.04151842829486525,0.04151598073491335,0.0830319614698267,0.5 * sum(abs(stock_weight_change)),0,0.0,0.0,0.25,False,0.0,0.0,0.9997956396478102,0.016083191426452495,-0.028753441740622714,0.016039540705803008,-0.028464843954871283,0.0,0.0,4.9819176881896024e-05,8.303196146982671e-05,4.161816091100832e-05,2.9891052938643438e-05,0.00020436035220137448,0.000994707772840545
2.0,2024-12-31,final_holdout,49,-0.01642880348579029,-0.01664535579483519,-0.018539494406649384,0.0021106909208590957,0.0018941386118141931,0.04212617251081712,0.042152924940787685,0.08430584988157537,0.5 * sum(abs(stock_weight_change)),0,0.0,0.0,0.25,False,0.0,0.0,0.9997834476911939,0.01381486613806774,-0.02415706453133272,0.013768747135301585,-0.023852544615490835,0.0,0.0,5.058350992894523e-05,8.430584988157537e-05,4.226120109519078e-05,3.94017481391929e-05,0.00021655230904490426,0.0012372328806033318
2.0,2025-01-27,final_holdout,48,0.09256070606222891,0.09236186746151154,0.09626376411155546,-0.003703058049326552,-0.0039018966500439234,0.03959622085708304,0.03954621315098876,0.07909242630197752,0.5 * sum(abs(stock_weight_change)),1,0.00472645278879239,0.002363226394396195,0.25,False,0.0,0.00472645278879239,0.9998010226213264,0.013212823109027536,-0.021183645360310904,0.013172162075638075,-0.020905757989016047,1.3877795620960203e-07,1.2704394060559952e-07,4.7455455781186514e-05,7.909242630197753e-05,3.9645701840325613e-05,3.2645016793882294e-05,0.00019883860071737196,0.006036963482967151
2.0,2025-02-28,final_holdout,49,-0.04411687721676074,-0.04433216667810785,-0.04500456878795605,0.0008876915711953093,0.0006724021098482025,0.04480841896124221,0.04479507239892271,0.08959014479784543,0.5 * sum(abs(stock_weight_change)),0,0.0,0.0,0.25,False,1.2704394060559955e-07,1.2704394060559955e-07,0.9997847105386549,0.013033790629335155,-0.019443857773206424,0.012993513714312184,-0.01914315936980675,0.0,0.0,5.375408687870725e-05,8.959014479784543e-05,4.490265360762502e-05,2.704257606293199e-05,0.00021528946134710968,0.009537646397110765
2.0,2025-03-31,final_holdout,48,-0.08445569723778121,-0.08458765260172643,-0.08715303061747873,0.0026973333796975196,0.0025653780157522954,0.027823381366256703,0.0278297380667828,0.0556594761335656,0.5 * sum(abs(stock_weight_change)),1,0.005820730548847864,0.002910365274423932,0.25,False,0.0,0.005820730548847864,0.9998680446360985,0.012031791987011087,-0.01923595335790153,0.012006448211170702,-0.019052503061142003,0.0,0.0,3.3395685680139364e-05,5.56594761335656e-05,2.7895715748733475e-05,1.5004486382785565e-05,0.000131955363945224,0.009371881159886828
2.0,2025-04-30,final_holdout,48,0.011376266553552665,0.010936985226282118,0.012139796530505034,-0.0007635299769523686,-0.0012028113042229158,0.08177488231186479,0.08177900816230531,0.16355801632461062,0.5 * sum(abs(stock_weight_change)),3,0.015493845617413182,0.007746922808706591,0.25,False,0.0,0.015493845617413182,0.9995607186727797,0.009269719289020059,-0.022049554693236464,0.009211715523876934,-0.021390140882644595,0.0,0.0,9.813480979476636e-05,0.00016355801632461062,8.199864882591554e-05,9.558985232525497e-05,0.0004392813272705475,0.00869289297319175
2.0,2025-05-30,final_holdout,46,0.08012859985060732,0.07991157097395413,0.08568810442393912,-0.0055595045733318055,-0.005776533449984994,0.04186667433897477,0.04183514551753618,0.08367029103507236,0.5 * sum(abs(stock_weight_change)),2,0.012582133454815365,0.006291066727407682,0.25,False,0.0,0.012582133454815365,0.9997829171025241,0.009527010108525465,-0.025260994676390213,0.009502358136856062,-0.02492595248663916,5.4020822712081296e-08,5.0023376139363725e-08,5.020217462104342e-05,8.367029103507235e-05,4.1943686966274164e-05,4.121272403080448e-05,0.0002170288766531944,0.012994429399912638
2.0,2025-06-30,final_holdout,49,0.012988223362444262,0.012760793273749576,0.011159393302575744,0.0018288300598685182,0.0016013999711738322,0.04495302385040747,0.04495096842457433,0.08990193684914866,0.5 * sum(abs(stock_weight_change)),0,0.0,0.0,0.25,False,5.0023376139363725e-08,5.0023376139363725e-08,0.9997725699113302,0.009309454927546087,-0.02695179012766486,0.009284592467481891,-0.026582734681135846,0.0,0.0,5.3941162109489194e-05,8.990193684914865e-05,4.5064658457221074e-05,3.852233127882656e-05,0.00022743008869468548,0.008087684628733157
2.0,2025-07-31,final_holdout,49,0.21922310176304396,0.21907195788006387,0.21870858359125162,0.0005145181717923497,0.00036337428881225153,0.033148042870891244,0.033155946898022134,0.06631189379604427,0.5 * sum(abs(stock_weight_change)),0,0.0,0.0,0.25,False,0.0,0.0,0.9998488561170794,0.008155119093250871,-0.02256566496031074,0.00814057559694536,-0.02230995078156145,0.0,0.0,3.9787136277626564e-05,6.631189379604428e-05,3.323151883948242e-05,1.181333406694516e-05,0.00015114388298009842,0.0008225069408805166
