cost_multiplier,research_split,months,cumulative_gross_return,cumulative_net_return,cumulative_benchmark_return,annualized_gross_return,annualized_net_return,annualized_benchmark_return,annualized_net_volatility,net_sharpe_zero_rf,annualized_active_return,tracking_error,information_ratio,max_drawdown,active_month_hit_rate,average_one_way_turnover,average_gross_traded_weight,total_forced_exit_sell_weight,months_with_forced_exits,average_cash_weight,maximum_cash_weight,total_cost_arithmetic,annualized_cost_drag_arithmetic,annualized_cost_drag_geometric,annualized_commission_drag,annualized_spread_drag,annualized_stamp_duty_drag,annualized_market_impact_drag
0.5,all,40,-0.03707644725498316,-0.03997588206288516,-0.05953746392964876,-0.011270384398241684,-0.012164468905996095,-0.0182465187113815,0.35830219062370106,0.12852822664273703,0.006082049805385403,0.01053100918238793,0.41736495293407516,-0.5849339716849744,0.6,0.05399044583933151,0.10798089167866302,0.2897761111186386,14,8.9988681097263e-10,1.3135512648372377e-08,0.0030161627338829867,0.0009048488201648959,0.0008940845077544113,0.00019436560502159348,0.00032394267503598904,0.00022969053768924207,0.00015685000241807138
0.5,design,15,-0.03379942981567918,-0.03509460268838094,-0.03337756467674502,-0.02713219504793518,-0.028175623109586767,-0.02679238891851099,0.36243978385080716,0.07709327276964931,-0.0013832341910757773,0.009417939309149673,-0.2095536910226334,-0.34536450764104343,0.6,0.05769949029115958,0.11539898058231916,0.09811499661453198,3,0.0,0.0,0.0013106646306461779,0.0010485317045169423,0.0010434280616515856,0.00020771816504817453,0.0003461969417469575,0.00034645907467236435,0.00014815752304944598
0.5,final_holdout,13,0.5289775753478501,0.5276387342397704,0.5307662779008311,0.47984563111029477,0.4786494502148553,0.4814436127535824,0.4005879816689682,1.1565442127715841,-0.0027941625387271074,0.012132238484329217,-0.36059471354800426,-0.12494195187445911,0.5384615384615384,0.053684692309114844,0.10736938461822969,0.10773684256815204,6,1.9379071202752245e-09,1.3135512648372377e-08,0.0009347715021072122,0.0008628660019451189,0.0011961808954394915,0.0001932648923128135,0.000322108153854689,0.00016116193465352832,0.00018633102112408816
0.5,validation,12,-0.34818642033827896,-0.3487064963926765,-0.3644119216744893,-0.34818642033827896,-0.3487064963926765,-0.3644119216744893,0.2810265511972881,-1.3640222087647815,0.015705425281812846,0.008934996223432844,2.4462526570113163,-0.2919786196533821,0.6666666666666666,0.04968537326561447,0.09937074653122895,0.0839242719359546,5,9.002233229439403e-10,5.100225041615187e-09,0.0007707266011295964,0.0007707266011295964,0.0005200760543975225,0.00017886734375621214,0.0002981122395936869,0.00015796918641569575,0.00013577783136400166
1.0,all,40,-0.03707714227309311,-0.04286813220939467,-0.05953746392964876,-0.011270598491611938,-0.013058223083117881,-0.0182465187113815,0.358241868964316,0.12599147668094954,0.005188295628263617,0.010588770470089926,0.32853210656206605,-0.5857677033986004,0.6,0.05398598485880346,0.10797196971760692,0.28977610906159024,14,3.59843695751359e-09,5.252688121027034e-08,0.006032885000261088,0.0018098655000783265,0.001787624591505943,0.0003886990909833849,0.0006478318183056415,0.0004596668021422231,0.0003136677886470771
1.0,design,15,-0.03376984723709342,-0.03635902494732979,-0.03337756467674502,-0.02710836575114861,-0.029194547853584107,-0.02679238891851099,0.36245942694485384,0.07423597025067016,-0.0024021589350731176,0.009424448721933664,-0.3191386484271978,-0.34605390624204513,0.6,0.057692379194614694,0.11538475838922939,0.09811499661453196,3,0.0,0.0,0.002621660373234623,0.0020973282985876987,0.0020861821024354965,0.000415385130201226,0.0006923085503353762,0.0006933572144846227,0.0002962774035664734
1.0,final_holdout,13,0.5288876776447422,0.5262110169589618,0.5307662779008311,0.47976531498098574,0.4773737744926201,0.4814436127535824,0.400422661996691,1.154683949968997,-0.0040698382609623,0.012230108182970366,-0.4342489759823081,-0.1250179111505232,0.5384615384615384,0.05368132581136261,0.10736265162272522,0.10773684051110365,6,7.749707411619187e-09,5.252688121027034e-08,0.0018696505124327564,0.0017258312422456213,0.002391540488365651,0.00038650554584181076,0.0006441759097363512,0.0003225194084894872,0.00037263037817797194
1.0,validation,12,-0.3481685219781461,-0.34920840739831116,-0.3644119216744893,-0.3481685219781461,-0.34920840739831116,-0.3644119216744893,0.2810040358566121,-1.366794455592356,0.015203514276178165,0.008981077783554156,2.350381283679953,-0.29219934086897736,0.6666666666666666,0.04968303924043361,0.09936607848086722,0.0839242719359546,5,3.5992734957911814e-09,2.0391838344042002e-08,0.0015415741145937084,0.0015415741145937084,0.0010398854201650876,0.00035771788253112215,0.0005961964708852035,0.00031613012983802046,0.00027152963133936247
2.0,all,40,-0.037078551995312625,-0.04862909748428701,-0.05953746392964876,-0.011271032742759757,-0.01484410745867426,-0.0182465187113815,0.35812149454554093,0.12091388780700413,0.003402411252707238,0.010714435469626618,0.15354903262084346,-0.5874308738947287,0.525,0.05397709930147031,0.10795419860294062,0.2897761008379259,14,1.4384923235667973e-08,2.0998631255477948e-07,0.012068019422090924,0.003620405826627277,0.0035730747159145038,0.0007772702299411725,0.0012954503832352873,0.000920477651817733,0.0006272075616330841
2.0,design,15,-0.033710699679708744,-0.03888439041396352,-0.03337756467674502,-0.027060721772037,-0.031230394639031656,-0.02679238891851099,0.36249902502857073,0.06851996651091255,-0.004438005720520666,0.009453020416930163,-0.5370571292487492,-0.34743127887934444,0.4666666666666667,0.05767822110746502,0.11535644221493004,0.09811499661453198,3,0.0,0.0,0.00524465248045629,0.0041957219843650325,0.004169672866994656,0.0008305663839474962,0.0013842773065791602,0.0013884730285619864,0.0005924052652763895
2.0,final_holdout,13,0.5287078751377481,0.523358633973499,0.5307662779008311,0.4796046752884977,0.4748248746531689,0.4814436127535824,0.4000922600391575,1.15095735750836,-0.006618738100413468,0.012437488540393685,-0.5775605395334629,-0.12516986536578456,0.5384615384615384,0.0536746307572583,0.1073492615145166,0.1077368322874393,6,3.0983468575112525e-08,2.0998631255477948e-07,0.0037397342148834216,0.0034520623522000813,0.00477980063532879,0.0007729146829045195,0.0012881911381741988,0.0006458215667497572,0.0007451349643716055
2.0,validation,12,-0.34813271361579523,-0.3502114185040446,-0.3644119216744893,-0.34813271361579523,-0.3502114185040446,-0.3644119216744893,0.28095909401307156,-1.3723410930558344,0.014200503170444745,0.00907599589091525,2.160865363038326,-0.2926407033662214,0.5833333333333334,0.049678371300206615,0.09935674260041323,0.08392427193595459,5,1.4384319829188007e-08,8.14978642444883e-08,0.003083632726751212,0.003083632726751212,0.0020787048882493497,0.0007153685467229752,0.0011922809112049587,0.0006330275230443902,0.0005429557457788876
