execution_date,signal,quantiles,leg,return,names,research_split
2022-04-29,composite_score,5,Q1,0.1550124873469727,10,design
2022-04-29,composite_score,5,Q2,0.18410234049179178,10,design
2022-04-29,composite_score,5,Q3,0.23027074008730125,9,design
2022-04-29,composite_score,5,Q4,0.17098916301529168,10,design
2022-04-29,composite_score,5,Q5,0.11325131062509049,10,design
2022-04-29,composite_score,5,top_minus_bottom,-0.04176117672188222,49,design
2022-04-29,fundamental_momentum_score,5,Q1,0.1765608120405405,10,design
2022-04-29,fundamental_momentum_score,5,Q2,0.16057742799066607,10,design
2022-04-29,fundamental_momentum_score,5,Q3,0.21601533098361897,9,design
2022-04-29,fundamental_momentum_score,5,Q4,0.12015334960333184,10,design
2022-04-29,fundamental_momentum_score,5,Q5,0.17889358003792227,10,design
2022-04-29,fundamental_momentum_score,5,top_minus_bottom,0.002332767997381774,49,design
2022-04-29,low_risk_score,5,Q1,0.20086283680426575,10,design
2022-04-29,low_risk_score,5,Q2,0.1583528496288596,10,design
2022-04-29,low_risk_score,5,Q3,0.16535113676035207,9,design
2022-04-29,low_risk_score,5,Q4,0.17370398855171698,10,design
2022-04-29,low_risk_score,5,Q5,0.14886326948855863,10,design
2022-04-29,low_risk_score,5,top_minus_bottom,-0.051999567315707124,49,design
2022-04-29,operating_quality_score,5,Q1,0.13403801835625018,10,design
2022-04-29,operating_quality_score,5,Q2,0.21408647485067403,10,design
2022-04-29,operating_quality_score,5,Q3,0.20999062026026674,9,design
2022-04-29,operating_quality_score,5,Q4,0.13063479465560915,10,design
2022-04-29,operating_quality_score,5,Q5,0.16284812146094438,10,design
2022-04-29,operating_quality_score,5,top_minus_bottom,0.0288101031046942,49,design
2022-04-29,price_momentum_score,5,Q1,0.16536327158832798,10,design
2022-04-29,price_momentum_score,5,Q2,0.19261905051223924,10,design
2022-04-29,price_momentum_score,5,Q3,0.1740272896120017,9,design
2022-04-29,price_momentum_score,5,Q4,0.16659315616174775,10,design
2022-04-29,price_momentum_score,5,Q5,0.1493989286446013,10,design
2022-04-29,price_momentum_score,5,top_minus_bottom,-0.015964342943726673,49,design
2022-05-31,composite_score,5,Q1,0.25448552891139065,10,design
2022-05-31,composite_score,5,Q2,0.23107073570602443,10,design
2022-05-31,composite_score,5,Q3,0.2678053818113873,9,design
2022-05-31,composite_score,5,Q4,0.3351656143639843,10,design
2022-05-31,composite_score,5,Q5,0.26051243839099775,10,design
2022-05-31,composite_score,5,top_minus_bottom,0.006026909479607101,49,design
2022-05-31,fundamental_momentum_score,5,Q1,0.1735092504361237,10,design
2022-05-31,fundamental_momentum_score,5,Q2,0.32371718575324293,10,design
2022-05-31,fundamental_momentum_score,5,Q3,0.2792336222331045,9,design
2022-05-31,fundamental_momentum_score,5,Q4,0.25447304834205614,10,design
2022-05-31,fundamental_momentum_score,5,Q5,0.3192494164614289,10,design
2022-05-31,fundamental_momentum_score,5,top_minus_bottom,0.1457401660253052,49,design
2022-05-31,low_risk_score,5,Q1,0.31057632758525944,10,design
2022-05-31,low_risk_score,5,Q2,0.26593991231848824,10,design
2022-05-31,low_risk_score,5,Q3,0.24267847142863974,9,design
2022-05-31,low_risk_score,5,Q4,0.34271463822425313,10,design
2022-05-31,low_risk_score,5,Q5,0.18461765858886917,10,design
2022-05-31,low_risk_score,5,top_minus_bottom,-0.12595866899639027,49,design
2022-05-31,operating_quality_score,5,Q1,0.20664861404050291,10,design
2022-05-31,operating_quality_score,5,Q2,0.30055920563018534,10,design
2022-05-31,operating_quality_score,5,Q3,0.26500098428607144,9,design
2022-05-31,operating_quality_score,5,Q4,0.29453058176612934,10,design
2022-05-31,operating_quality_score,5,Q5,0.28201987370836373,10,design
2022-05-31,operating_quality_score,5,top_minus_bottom,0.07537125966786082,49,design
2022-05-31,price_momentum_score,5,Q1,0.22204789275357523,10,design
2022-05-31,price_momentum_score,5,Q2,0.31495955811366827,10,design
2022-05-31,price_momentum_score,5,Q3,0.2703225620741149,9,design
2022-05-31,price_momentum_score,5,Q4,0.29059984201116007,10,design
2022-05-31,price_momentum_score,5,Q5,0.2513615622575388,10,design
2022-05-31,price_momentum_score,5,top_minus_bottom,0.02931366950396358,49,design
2022-06-30,composite_score,5,Q1,0.07983615703079282,10,design
2022-06-30,composite_score,5,Q2,0.06168807719474449,10,design
2022-06-30,composite_score,5,Q3,-0.00568949679125017,10,design
2022-06-30,composite_score,5,Q4,0.05264945123191461,10,design
2022-06-30,composite_score,5,Q5,-0.01736270653114307,10,design
2022-06-30,composite_score,5,top_minus_bottom,-0.09719886356193588,50,design
2022-06-30,fundamental_momentum_score,5,Q1,0.01463091496309199,10,design
2022-06-30,fundamental_momentum_score,5,Q2,0.032278991959614436,10,design
2022-06-30,fundamental_momentum_score,5,Q3,0.05166660446051126,10,design
2022-06-30,fundamental_momentum_score,5,Q4,0.07466099301807028,10,design
2022-06-30,fundamental_momentum_score,5,Q5,-0.0021160222662292673,10,design
2022-06-30,fundamental_momentum_score,5,top_minus_bottom,-0.016746937229321256,50,design
2022-06-30,low_risk_score,5,Q1,0.05771129705481152,10,design
2022-06-30,low_risk_score,5,Q2,-0.015480547436470603,10,design
2022-06-30,low_risk_score,5,Q3,0.05866905307673788,10,design
2022-06-30,low_risk_score,5,Q4,0.020924925010772998,10,design
2022-06-30,low_risk_score,5,Q5,0.049296754429206904,10,design
2022-06-30,low_risk_score,5,top_minus_bottom,-0.008414542625604614,50,design
2022-06-30,operating_quality_score,5,Q1,0.09307577814661763,10,design
2022-06-30,operating_quality_score,5,Q2,0.07101089881458947,10,design
2022-06-30,operating_quality_score,5,Q3,0.001622434091525915,10,design
2022-06-30,operating_quality_score,5,Q4,0.019464945614066375,10,design
2022-06-30,operating_quality_score,5,Q5,-0.014052574531740702,10,design
2022-06-30,operating_quality_score,5,top_minus_bottom,-0.10712835267835834,50,design
2022-06-30,price_momentum_score,5,Q1,0.0014420914051195388,10,design
2022-06-30,price_momentum_score,5,Q2,0.056095248666663586,10,design
2022-06-30,price_momentum_score,5,Q3,0.046237520943499755,10,design
2022-06-30,price_momentum_score,5,Q4,0.03378962961312221,10,design
2022-06-30,price_momentum_score,5,Q5,0.0335569915066536,10,design
2022-06-30,price_momentum_score,5,top_minus_bottom,0.03211490010153406,50,design
2022-07-29,composite_score,5,Q1,-0.14419717161866594,10,design
2022-07-29,composite_score,5,Q2,-0.11578875210215056,10,design
2022-07-29,composite_score,5,Q3,-0.10148511424354809,10,design
2022-07-29,composite_score,5,Q4,-0.09206952832403589,10,design
2022-07-29,composite_score,5,Q5,-0.07343226180622517,10,design
2022-07-29,composite_score,5,top_minus_bottom,0.07076490981244077,50,design
2022-07-29,fundamental_momentum_score,5,Q1,-0.10274364921460281,10,design
2022-07-29,fundamental_momentum_score,5,Q2,-0.11424223256685828,10,design
2022-07-29,fundamental_momentum_score,5,Q3,-0.10750844704662085,10,design
2022-07-29,fundamental_momentum_score,5,Q4,-0.11758387248098427,10,design
2022-07-29,fundamental_momentum_score,5,Q5,-0.08489462678555944,10,design
2022-07-29,fundamental_momentum_score,5,top_minus_bottom,0.017849022429043376,50,design
2022-07-29,low_risk_score,5,Q1,-0.10357631448776891,10,design
2022-07-29,low_risk_score,5,Q2,-0.1129048528065063,10,design
2022-07-29,low_risk_score,5,Q3,-0.1412998631335988,10,design
2022-07-29,low_risk_score,5,Q4,-0.08455173266635516,10,design
2022-07-29,low_risk_score,5,Q5,-0.08464006500039649,10,design
2022-07-29,low_risk_score,5,top_minus_bottom,0.018936249487372422,50,design
2022-07-29,operating_quality_score,5,Q1,-0.13285314410535967,10,design
2022-07-29,operating_quality_score,5,Q2,-0.12721724431952972,10,design
2022-07-29,operating_quality_score,5,Q3,-0.04728974155298425,10,design
2022-07-29,operating_quality_score,5,Q4,-0.12887217487740238,10,design
2022-07-29,operating_quality_score,5,Q5,-0.09074052323934968,10,design
2022-07-29,operating_quality_score,5,top_minus_bottom,0.04211262086600999,50,design
2022-07-29,price_momentum_score,5,Q1,-0.12919426198041456,10,design
2022-07-29,price_momentum_score,5,Q2,-0.09643650201297604,10,design
2022-07-29,price_momentum_score,5,Q3,-0.1155044597316017,10,design
2022-07-29,price_momentum_score,5,Q4,-0.1725754604144116,10,design
2022-07-29,price_momentum_score,5,Q5,-0.013262143955221784,10,design
2022-07-29,price_momentum_score,5,top_minus_bottom,0.11593211802519278,50,design
2022-08-31,composite_score,5,Q1,-0.1344596631463567,10,design
2022-08-31,composite_score,5,Q2,-0.12270564519926949,10,design
2022-08-31,composite_score,5,Q3,-0.13120812734131643,10,design
2022-08-31,composite_score,5,Q4,-0.07029275348351186,10,design
2022-08-31,composite_score,5,Q5,-0.11931653801607159,10,design
2022-08-31,composite_score,5,top_minus_bottom,0.015143125130285123,50,design
2022-08-31,fundamental_momentum_score,5,Q1,-0.14245588898676154,10,design
2022-08-31,fundamental_momentum_score,5,Q2,-0.12061316754145368,10,design
2022-08-31,fundamental_momentum_score,5,Q3,-0.11790738156261424,10,design
2022-08-31,fundamental_momentum_score,5,Q4,-0.06336043341172223,10,design
2022-08-31,fundamental_momentum_score,5,Q5,-0.1336458556839744,10,design
2022-08-31,fundamental_momentum_score,5,top_minus_bottom,0.008810033302787124,50,design
2022-08-31,low_risk_score,5,Q1,-0.09156218985169766,10,design
2022-08-31,low_risk_score,5,Q2,-0.10865027676046217,10,design
2022-08-31,low_risk_score,5,Q3,-0.14412376629796542,10,design
2022-08-31,low_risk_score,5,Q4,-0.09626233054747427,10,design
2022-08-31,low_risk_score,5,Q5,-0.13738416372892656,10,design
2022-08-31,low_risk_score,5,top_minus_bottom,-0.0458219738772289,50,design
2022-08-31,operating_quality_score,5,Q1,-0.13911805003744196,10,design
2022-08-31,operating_quality_score,5,Q2,-0.13613033331143204,10,design
2022-08-31,operating_quality_score,5,Q3,-0.09131982629774868,10,design
2022-08-31,operating_quality_score,5,Q4,-0.106619292279405,10,design
2022-08-31,operating_quality_score,5,Q5,-0.1047952252604984,10,design
2022-08-31,operating_quality_score,5,top_minus_bottom,0.03432282477694355,50,design
2022-08-31,price_momentum_score,5,Q1,-0.1379981312535306,10,design
2022-08-31,price_momentum_score,5,Q2,-0.1307386648588424,10,design
2022-08-31,price_momentum_score,5,Q3,-0.14455963363035434,10,design
2022-08-31,price_momentum_score,5,Q4,-0.06319656562706315,10,design
2022-08-31,price_momentum_score,5,Q5,-0.10148973181673555,10,design
2022-08-31,price_momentum_score,5,top_minus_bottom,0.036508399436795055,50,design
2022-09-30,composite_score,5,Q1,0.057010609887282106,10,design
2022-09-30,composite_score,5,Q2,-0.034168784087421224,10,design
2022-09-30,composite_score,5,Q3,-0.07887774842669414,10,design
2022-09-30,composite_score,5,Q4,0.027124034121566432,10,design
2022-09-30,composite_score,5,Q5,-0.07485398362562842,10,design
2022-09-30,composite_score,5,top_minus_bottom,-0.13186459351291052,50,design
2022-09-30,fundamental_momentum_score,5,Q1,-0.0046065026623922315,10,design
2022-09-30,fundamental_momentum_score,5,Q2,-0.06425500971787448,10,design
2022-09-30,fundamental_momentum_score,5,Q3,0.03128357333747393,10,design
2022-09-30,fundamental_momentum_score,5,Q4,-0.010866961477551552,10,design
2022-09-30,fundamental_momentum_score,5,Q5,-0.055320971610550926,10,design
2022-09-30,fundamental_momentum_score,5,top_minus_bottom,-0.050714468948158696,50,design
2022-09-30,low_risk_score,5,Q1,-0.02259624506400012,10,design
2022-09-30,low_risk_score,5,Q2,-0.016920971443576037,10,design
2022-09-30,low_risk_score,5,Q3,-0.009731016756987454,10,design
2022-09-30,low_risk_score,5,Q4,-0.0356465845848678,10,design
2022-09-30,low_risk_score,5,Q5,-0.01887105428146384,10,design
2022-09-30,low_risk_score,5,top_minus_bottom,0.0037251907825362786,50,design
2022-09-30,operating_quality_score,5,Q1,-0.04252946955398447,10,design
2022-09-30,operating_quality_score,5,Q2,0.06210900540542804,10,design
2022-09-30,operating_quality_score,5,Q3,-0.05663260274075471,10,design
2022-09-30,operating_quality_score,5,Q4,-0.031371159759066104,10,design
2022-09-30,operating_quality_score,5,Q5,-0.035341645482518017,10,design
2022-09-30,operating_quality_score,5,top_minus_bottom,0.007187824071466453,50,design
2022-09-30,price_momentum_score,5,Q1,-0.008354323222565897,10,design
2022-09-30,price_momentum_score,5,Q2,-0.01772763119249441,10,design
2022-09-30,price_momentum_score,5,Q3,0.021201042318913232,10,design
2022-09-30,price_momentum_score,5,Q4,-0.039349959229793806,10,design
2022-09-30,price_momentum_score,5,Q5,-0.05953500080495437,10,design
2022-09-30,price_momentum_score,5,top_minus_bottom,-0.05118067758238848,50,design
2022-10-31,composite_score,5,Q1,0.013576274598843596,10,design
2022-10-31,composite_score,5,Q2,0.046657122187646435,10,design
2022-10-31,composite_score,5,Q3,0.03953601236275038,9,design
2022-10-31,composite_score,5,Q4,0.02821362495635098,10,design
2022-10-31,composite_score,5,Q5,0.044779552828621685,10,design
2022-10-31,composite_score,5,top_minus_bottom,0.03120327822977809,49,design
2022-10-31,fundamental_momentum_score,5,Q1,0.045877296559192905,10,design
2022-10-31,fundamental_momentum_score,5,Q2,0.01915178806968133,10,design
2022-10-31,fundamental_momentum_score,5,Q3,0.017931355858547857,9,design
2022-10-31,fundamental_momentum_score,5,Q4,0.012187526891904877,10,design
2022-10-31,fundamental_momentum_score,5,Q5,0.07545415390446586,10,design
2022-10-31,fundamental_momentum_score,5,top_minus_bottom,0.029576857345272954,49,design
2022-10-31,low_risk_score,5,Q1,0.04996349698860234,10,design
2022-10-31,low_risk_score,5,Q2,0.05372953645521265,10,design
2022-10-31,low_risk_score,5,Q3,0.008055180050915458,9,design
2022-10-31,low_risk_score,5,Q4,0.04223942239880679,10,design
2022-10-31,low_risk_score,5,Q5,0.01562686780949235,10,design
2022-10-31,low_risk_score,5,top_minus_bottom,-0.03433662917910999,49,design
2022-10-31,operating_quality_score,5,Q1,0.035954033049917344,10,design
2022-10-31,operating_quality_score,5,Q2,0.032268675674045046,10,design
2022-10-31,operating_quality_score,5,Q3,0.03183092409233506,9,design
2022-10-31,operating_quality_score,5,Q4,0.06180207760389063,10,design
2022-10-31,operating_quality_score,5,Q5,0.010136367686983472,10,design
2022-10-31,operating_quality_score,5,top_minus_bottom,-0.025817665362933874,49,design
2022-10-31,price_momentum_score,5,Q1,-0.01663778376494115,10,design
2022-10-31,price_momentum_score,5,Q2,0.06523037330411324,10,design
2022-10-31,price_momentum_score,5,Q3,0.03473859950008426,9,design
2022-10-31,price_momentum_score,5,Q4,0.028632542090518777,10,design
2022-10-31,price_momentum_score,5,Q5,0.06031911451817133,10,design
2022-10-31,price_momentum_score,5,top_minus_bottom,0.07695689828311247,49,design
2022-11-30,composite_score,5,Q1,-0.035867656819299674,10,design
2022-11-30,composite_score,5,Q2,-0.051810676933588165,10,design
2022-11-30,composite_score,5,Q3,-0.04567843140084397,10,design
2022-11-30,composite_score,5,Q4,-0.06988497143024142,10,design
2022-11-30,composite_score,5,Q5,-0.04573169940924717,10,design
2022-11-30,composite_score,5,top_minus_bottom,-0.009864042589947497,50,design
2022-11-30,fundamental_momentum_score,5,Q1,-0.043348369639548315,10,design
2022-11-30,fundamental_momentum_score,5,Q2,-0.05532857910262887,10,design
2022-11-30,fundamental_momentum_score,5,Q3,-0.054506960008173164,10,design
2022-11-30,fundamental_momentum_score,5,Q4,-0.0384737245799429,10,design
2022-11-30,fundamental_momentum_score,5,Q5,-0.05731580266292714,10,design
2022-11-30,fundamental_momentum_score,5,top_minus_bottom,-0.013967433023378828,50,design
2022-11-30,low_risk_score,5,Q1,-0.008360010867022894,10,design
2022-11-30,low_risk_score,5,Q2,-0.04412565171543126,10,design
2022-11-30,low_risk_score,5,Q3,-0.058005550631637925,10,design
2022-11-30,low_risk_score,5,Q4,-0.07920381129965016,10,design
2022-11-30,low_risk_score,5,Q5,-0.059278411479478155,10,design
2022-11-30,low_risk_score,5,top_minus_bottom,-0.05091840061245526,50,design
2022-11-30,operating_quality_score,5,Q1,-0.0772458398261271,10,design
2022-11-30,operating_quality_score,5,Q2,-0.05028606361814604,10,design
2022-11-30,operating_quality_score,5,Q3,-0.042586976580091265,10,design
2022-11-30,operating_quality_score,5,Q4,-0.029470754927298837,10,design
2022-11-30,operating_quality_score,5,Q5,-0.049383801041557165,10,design
2022-11-30,operating_quality_score,5,top_minus_bottom,0.02786203878456993,50,design
2022-11-30,price_momentum_score,5,Q1,-0.03243829498146069,10,design
2022-11-30,price_momentum_score,5,Q2,-0.0614622410955636,10,design
2022-11-30,price_momentum_score,5,Q3,-0.06856473002436125,10,design
2022-11-30,price_momentum_score,5,Q4,-0.06880716960169528,10,design
2022-11-30,price_momentum_score,5,Q5,-0.017701000290139567,10,design
2022-11-30,price_momentum_score,5,top_minus_bottom,0.014737294691321123,50,design
2022-12-30,composite_score,5,Q1,0.13385828199985061,10,design
2022-12-30,composite_score,5,Q2,0.12846325681411835,10,design
2022-12-30,composite_score,5,Q3,0.09531047121902989,10,design
2022-12-30,composite_score,5,Q4,0.10288241513607392,10,design
2022-12-30,composite_score,5,Q5,0.09603612886547477,10,design
2022-12-30,composite_score,5,top_minus_bottom,-0.03782215313437584,50,design
2022-12-30,fundamental_momentum_score,5,Q1,0.10810404421778248,10,design
2022-12-30,fundamental_momentum_score,5,Q2,0.12258038006107444,10,design
2022-12-30,fundamental_momentum_score,5,Q3,0.1348963830660028,10,design
2022-12-30,fundamental_momentum_score,5,Q4,0.09573511250987167,10,design
2022-12-30,fundamental_momentum_score,5,Q5,0.09523463417981617,10,design
2022-12-30,fundamental_momentum_score,5,top_minus_bottom,-0.012869410037966308,50,design
2022-12-30,low_risk_score,5,Q1,0.09374472325934079,10,design
2022-12-30,low_risk_score,5,Q2,0.14292450547490232,10,design
2022-12-30,low_risk_score,5,Q3,0.10164246064945574,10,design
2022-12-30,low_risk_score,5,Q4,0.11693863654615055,10,design
2022-12-30,low_risk_score,5,Q5,0.10130022810469815,10,design
2022-12-30,low_risk_score,5,top_minus_bottom,0.007555504845357358,50,design
2022-12-30,operating_quality_score,5,Q1,0.12710661731461342,10,design
2022-12-30,operating_quality_score,5,Q2,0.10878199567765527,10,design
2022-12-30,operating_quality_score,5,Q3,0.10760301086865767,10,design
2022-12-30,operating_quality_score,5,Q4,0.11587008169594867,10,design
2022-12-30,operating_quality_score,5,Q5,0.0971888484776725,10,design
2022-12-30,operating_quality_score,5,top_minus_bottom,-0.02991776883694093,50,design
2022-12-30,price_momentum_score,5,Q1,0.1286267967739804,10,design
2022-12-30,price_momentum_score,5,Q2,0.14137472849389762,10,design
2022-12-30,price_momentum_score,5,Q3,0.10376548885069332,10,design
2022-12-30,price_momentum_score,5,Q4,0.1278805327534615,10,design
2022-12-30,price_momentum_score,5,Q5,0.054903007162514714,10,design
2022-12-30,price_momentum_score,5,top_minus_bottom,-0.07372378961146568,50,design
2023-01-31,composite_score,5,Q1,-0.06080332232494656,10,design
2023-01-31,composite_score,5,Q2,-0.09901466112105618,10,design
2023-01-31,composite_score,5,Q3,-0.06077501187073481,10,design
2023-01-31,composite_score,5,Q4,-0.04120787926161205,10,design
2023-01-31,composite_score,5,Q5,-0.040104823122360786,10,design
2023-01-31,composite_score,5,top_minus_bottom,0.020698499202585777,50,design
2023-01-31,fundamental_momentum_score,5,Q1,-0.06354690320552606,10,design
2023-01-31,fundamental_momentum_score,5,Q2,-0.06506784659795681,10,design
2023-01-31,fundamental_momentum_score,5,Q3,-0.06795671757560544,10,design
2023-01-31,fundamental_momentum_score,5,Q4,-0.05188748913293689,10,design
2023-01-31,fundamental_momentum_score,5,Q5,-0.053446741188685185,10,design
2023-01-31,fundamental_momentum_score,5,top_minus_bottom,0.010100162016840872,50,design
2023-01-31,low_risk_score,5,Q1,-0.07223661814154395,10,design
2023-01-31,low_risk_score,5,Q2,-0.09287947754822154,10,design
2023-01-31,low_risk_score,5,Q3,-0.008906645016079694,10,design
2023-01-31,low_risk_score,5,Q4,-0.06168187174730596,10,design
2023-01-31,low_risk_score,5,Q5,-0.06620108524755923,10,design
2023-01-31,low_risk_score,5,top_minus_bottom,0.006035532893984716,50,design
2023-01-31,operating_quality_score,5,Q1,-0.030767873828344016,10,design
2023-01-31,operating_quality_score,5,Q2,-0.0600063284704261,10,design
2023-01-31,operating_quality_score,5,Q3,-0.07174157209658635,10,design
2023-01-31,operating_quality_score,5,Q4,-0.05990543547025003,10,design
2023-01-31,operating_quality_score,5,Q5,-0.0794844878351039,10,design
2023-01-31,operating_quality_score,5,top_minus_bottom,-0.048716614006759876,50,design
2023-01-31,price_momentum_score,5,Q1,-0.10597551521455277,10,design
2023-01-31,price_momentum_score,5,Q2,-0.03522202352344076,10,design
2023-01-31,price_momentum_score,5,Q3,-0.0615682159363097,10,design
2023-01-31,price_momentum_score,5,Q4,-0.06068901415742893,10,design
2023-01-31,price_momentum_score,5,Q5,-0.03845092886897822,10,design
2023-01-31,price_momentum_score,5,top_minus_bottom,0.06752458634557455,50,design
2023-02-28,composite_score,5,Q1,-0.09624317388668813,10,design
2023-02-28,composite_score,5,Q2,-0.0762899431732191,10,design
2023-02-28,composite_score,5,Q3,-0.05994674973157904,10,design
2023-02-28,composite_score,5,Q4,-0.02072910274884241,10,design
2023-02-28,composite_score,5,Q5,-0.05450115229070749,10,design
2023-02-28,composite_score,5,top_minus_bottom,0.04174202159598064,50,design
2023-02-28,fundamental_momentum_score,5,Q1,-0.06342340731476327,10,design
2023-02-28,fundamental_momentum_score,5,Q2,-0.06923067443450365,10,design
2023-02-28,fundamental_momentum_score,5,Q3,-0.035912749021207654,10,design
2023-02-28,fundamental_momentum_score,5,Q4,-0.03537493265258077,10,design
2023-02-28,fundamental_momentum_score,5,Q5,-0.10376835840798082,10,design
2023-02-28,fundamental_momentum_score,5,top_minus_bottom,-0.04034495109321755,50,design
2023-02-28,low_risk_score,5,Q1,-0.09851012261282524,10,design
2023-02-28,low_risk_score,5,Q2,-0.038996993419159486,10,design
2023-02-28,low_risk_score,5,Q3,-0.08556299597823706,10,design
2023-02-28,low_risk_score,5,Q4,-0.07562603222934386,10,design
2023-02-28,low_risk_score,5,Q5,-0.009013977591470523,10,design
2023-02-28,low_risk_score,5,top_minus_bottom,0.08949614502135472,50,design
2023-02-28,operating_quality_score,5,Q1,-0.0625141184930644,10,design
2023-02-28,operating_quality_score,5,Q2,-0.0630772575593399,10,design
2023-02-28,operating_quality_score,5,Q3,-0.06845028737395145,10,design
2023-02-28,operating_quality_score,5,Q4,-0.04136027511044342,10,design
2023-02-28,operating_quality_score,5,Q5,-0.07230818329423698,10,design
2023-02-28,operating_quality_score,5,top_minus_bottom,-0.009794064801172578,50,design
2023-02-28,price_momentum_score,5,Q1,-0.05937106918445932,10,design
2023-02-28,price_momentum_score,5,Q2,-0.035618249603245056,10,design
2023-02-28,price_momentum_score,5,Q3,-0.08869024364699109,10,design
2023-02-28,price_momentum_score,5,Q4,-0.07455986077316318,10,design
2023-02-28,price_momentum_score,5,Q5,-0.049470698623177524,10,design
2023-02-28,price_momentum_score,5,top_minus_bottom,0.009900370561281797,50,design
2023-03-31,composite_score,5,Q1,-0.10979603967146423,10,design
2023-03-31,composite_score,5,Q2,-0.07612256748190246,10,design
2023-03-31,composite_score,5,Q3,-0.05976274644309552,10,design
2023-03-31,composite_score,5,Q4,-0.04099408623017775,10,design
2023-03-31,composite_score,5,Q5,-0.036972079441313976,10,design
2023-03-31,composite_score,5,top_minus_bottom,0.07282396023015025,50,design
2023-03-31,fundamental_momentum_score,5,Q1,-0.09355600080920892,10,design
2023-03-31,fundamental_momentum_score,5,Q2,-0.03472092248107236,10,design
2023-03-31,fundamental_momentum_score,5,Q3,-0.1245758209801224,10,design
2023-03-31,fundamental_momentum_score,5,Q4,0.014550519127862671,10,design
2023-03-31,fundamental_momentum_score,5,Q5,-0.08534529412541293,10,design
2023-03-31,fundamental_momentum_score,5,top_minus_bottom,0.00821070668379599,50,design
2023-03-31,low_risk_score,5,Q1,-0.050952663578029835,10,design
2023-03-31,low_risk_score,5,Q2,-0.10235750750256341,10,design
2023-03-31,low_risk_score,5,Q3,-0.09649497297045442,10,design
2023-03-31,low_risk_score,5,Q4,-0.0537090264328434,10,design
2023-03-31,low_risk_score,5,Q5,-0.020133348784062876,10,design
2023-03-31,low_risk_score,5,top_minus_bottom,0.03081931479396696,50,design
2023-03-31,operating_quality_score,5,Q1,-0.041251557614622715,10,design
2023-03-31,operating_quality_score,5,Q2,-0.09151100783511515,10,design
2023-03-31,operating_quality_score,5,Q3,-0.09402760199485742,10,design
2023-03-31,operating_quality_score,5,Q4,-0.06430019261312186,10,design
2023-03-31,operating_quality_score,5,Q5,-0.03255715921023679,10,design
2023-03-31,operating_quality_score,5,top_minus_bottom,0.008694398404385927,50,design
2023-03-31,price_momentum_score,5,Q1,-0.12763006181183154,10,design
2023-03-31,price_momentum_score,5,Q2,-0.037263830672432184,10,design
2023-03-31,price_momentum_score,5,Q3,-0.018403736940221273,10,design
2023-03-31,price_momentum_score,5,Q4,-0.08677476932218284,10,design
2023-03-31,price_momentum_score,5,Q5,-0.053575120521286115,10,design
2023-03-31,price_momentum_score,5,top_minus_bottom,0.07405494129054542,50,design
2023-04-28,composite_score,5,Q1,-0.02026436257645926,10,design
2023-04-28,composite_score,5,Q2,-0.08146250901879803,10,design
2023-04-28,composite_score,5,Q3,-0.08323034562392784,9,design
2023-04-28,composite_score,5,Q4,-0.022226635638258406,10,design
2023-04-28,composite_score,5,Q5,-0.027122681772021918,10,design
2023-04-28,composite_score,5,top_minus_bottom,-0.006858319195562658,49,design
2023-04-28,fundamental_momentum_score,5,Q1,-0.015524111700951849,10,design
2023-04-28,fundamental_momentum_score,5,Q2,-0.044893710295425535,10,design
2023-04-28,fundamental_momentum_score,5,Q3,-0.05548534698116822,9,design
2023-04-28,fundamental_momentum_score,5,Q4,-0.04224532676611231,10,design
2023-04-28,fundamental_momentum_score,5,Q5,-0.07338353902153158,10,design
2023-04-28,fundamental_momentum_score,5,top_minus_bottom,-0.057859427320579734,49,design
2023-04-28,low_risk_score,5,Q1,-0.08288512682758449,10,design
2023-04-28,low_risk_score,5,Q2,-0.06190418231944962,10,design
2023-04-28,low_risk_score,5,Q3,-0.03273498920333838,9,design
2023-04-28,low_risk_score,5,Q4,-0.02487118968434804,10,design
2023-04-28,low_risk_score,5,Q5,-0.026861510952685984,10,design
2023-04-28,low_risk_score,5,top_minus_bottom,0.05602361587489851,49,design
2023-04-28,operating_quality_score,5,Q1,-0.007477298440942015,10,design
2023-04-28,operating_quality_score,5,Q2,-0.05074450367798703,10,design
2023-04-28,operating_quality_score,5,Q3,-0.037029792575075327,9,design
2023-04-28,operating_quality_score,5,Q4,-0.07358158960526671,10,design
2023-04-28,operating_quality_score,5,Q5,-0.06085329502530912,10,design
2023-04-28,operating_quality_score,5,top_minus_bottom,-0.053375996584367105,49,design
2023-04-28,price_momentum_score,5,Q1,-0.07991392480942497,10,design
2023-04-28,price_momentum_score,5,Q2,-0.034889020570481134,10,design
2023-04-28,price_momentum_score,5,Q3,-0.08297615302556065,9,design
2023-04-28,price_momentum_score,5,Q4,-0.011423696194631072,10,design
2023-04-28,price_momentum_score,5,Q5,-0.025078320769530916,10,design
2023-04-28,price_momentum_score,5,top_minus_bottom,0.054835604039894056,49,design
2023-05-31,composite_score,5,Q1,-0.0031422682163001594,10,design
2023-05-31,composite_score,5,Q2,0.009813076321908087,10,design
2023-05-31,composite_score,5,Q3,0.043527893655294574,9,design
2023-05-31,composite_score,5,Q4,0.05932261592221673,10,design
2023-05-31,composite_score,5,Q5,0.0565583612537804,10,design
2023-05-31,composite_score,5,top_minus_bottom,0.05970062947008056,49,design
2023-05-31,fundamental_momentum_score,5,Q1,0.00041122123264129005,10,design
2023-05-31,fundamental_momentum_score,5,Q2,0.03371670503530758,10,design
2023-05-31,fundamental_momentum_score,5,Q3,0.049020502729062394,9,design
2023-05-31,fundamental_momentum_score,5,Q4,0.05196729100513335,10,design
2023-05-31,fundamental_momentum_score,5,Q5,0.03151321984213179,10,design
2023-05-31,fundamental_momentum_score,5,top_minus_bottom,0.0311019986094905,49,design
2023-05-31,low_risk_score,5,Q1,0.02561850505570292,10,design
2023-05-31,low_risk_score,5,Q2,0.027111077618403433,10,design
2023-05-31,low_risk_score,5,Q3,0.0021908221688672963,9,design
2023-05-31,low_risk_score,5,Q4,0.04909062369251325,10,design
2023-05-31,low_risk_score,5,Q5,0.05793494325277,10,design
2023-05-31,low_risk_score,5,top_minus_bottom,0.03231643819706708,49,design
2023-05-31,operating_quality_score,5,Q1,0.005567984489072664,10,design
2023-05-31,operating_quality_score,5,Q2,0.025133927122664934,10,design
2023-05-31,operating_quality_score,5,Q3,0.023269558830644063,9,design
2023-05-31,operating_quality_score,5,Q4,0.052930020826015924,10,design
2023-05-31,operating_quality_score,5,Q5,0.057152354186036994,10,design
2023-05-31,operating_quality_score,5,top_minus_bottom,0.05158436969696433,49,design
2023-05-31,price_momentum_score,5,Q1,0.011943248247757766,10,design
2023-05-31,price_momentum_score,5,Q2,0.054748477089433,10,design
2023-05-31,price_momentum_score,5,Q3,0.017237307898504837,9,design
2023-05-31,price_momentum_score,5,Q4,0.049460666307027154,10,design
2023-05-31,price_momentum_score,5,Q5,0.030060920818497892,10,design
2023-05-31,price_momentum_score,5,top_minus_bottom,0.018117672570740127,49,design
2023-06-30,composite_score,5,Q1,-0.02602609291172009,10,design
2023-06-30,composite_score,5,Q2,-0.032190534595854844,10,design
2023-06-30,composite_score,5,Q3,-0.049915945570842224,10,design
2023-06-30,composite_score,5,Q4,0.011725364240458891,10,design
2023-06-30,composite_score,5,Q5,-0.003199306246441247,10,design
2023-06-30,composite_score,5,top_minus_bottom,0.02282678666527884,50,design
2023-06-30,fundamental_momentum_score,5,Q1,-0.03346117999551945,10,design
2023-06-30,fundamental_momentum_score,5,Q2,-0.04655028100560891,10,design
2023-06-30,fundamental_momentum_score,5,Q3,-0.025807490841709357,10,design
2023-06-30,fundamental_momentum_score,5,Q4,0.031408455981817754,10,design
2023-06-30,fundamental_momentum_score,5,Q5,-0.02519601922337955,10,design
2023-06-30,fundamental_momentum_score,5,top_minus_bottom,0.008265160772139901,50,design
2023-06-30,low_risk_score,5,Q1,-0.03473908291592751,10,design
2023-06-30,low_risk_score,5,Q2,-0.04591161557317058,10,design
2023-06-30,low_risk_score,5,Q3,-0.032242246145423224,10,design
2023-06-30,low_risk_score,5,Q4,-0.033188977536124764,10,design
2023-06-30,low_risk_score,5,Q5,0.04647540708624657,10,design
2023-06-30,low_risk_score,5,top_minus_bottom,0.08121449000217408,50,design
2023-06-30,operating_quality_score,5,Q1,-0.014890742516134892,10,design
2023-06-30,operating_quality_score,5,Q2,-0.008234014940407087,10,design
2023-06-30,operating_quality_score,5,Q3,0.014612315849517022,10,design
2023-06-30,operating_quality_score,5,Q4,-0.044997779223991605,10,design
2023-06-30,operating_quality_score,5,Q5,-0.04609629425338295,10,design
2023-06-30,operating_quality_score,5,top_minus_bottom,-0.03120555173724806,50,design
2023-06-30,price_momentum_score,5,Q1,-0.04021612933844826,10,design
2023-06-30,price_momentum_score,5,Q2,-0.02907754061553084,10,design
2023-06-30,price_momentum_score,5,Q3,-0.048170266389581634,9,design
2023-06-30,price_momentum_score,5,Q4,0.018712629979094408,10,design
2023-06-30,price_momentum_score,5,Q5,-0.006508029202228071,10,design
2023-06-30,price_momentum_score,5,top_minus_bottom,0.033708100136220186,49,design
2023-07-31,composite_score,5,Q1,-0.12242931155160304,10,validation
2023-07-31,composite_score,5,Q2,-0.12219988722918748,10,validation
2023-07-31,composite_score,5,Q3,-0.1554996337957181,10,validation
2023-07-31,composite_score,5,Q4,-0.10694123334248418,10,validation
2023-07-31,composite_score,5,Q5,-0.08204017199748118,10,validation
2023-07-31,composite_score,5,top_minus_bottom,0.040389139554121864,50,validation
2023-07-31,fundamental_momentum_score,5,Q1,-0.12081879198197273,10,validation
2023-07-31,fundamental_momentum_score,5,Q2,-0.09918536699890179,10,validation
2023-07-31,fundamental_momentum_score,5,Q3,-0.14300546192126512,10,validation
2023-07-31,fundamental_momentum_score,5,Q4,-0.09847468127326539,10,validation
2023-07-31,fundamental_momentum_score,5,Q5,-0.1276259357410689,10,validation
2023-07-31,fundamental_momentum_score,5,top_minus_bottom,-0.0068071437590961625,50,validation
2023-07-31,low_risk_score,5,Q1,-0.12393884303131424,10,validation
2023-07-31,low_risk_score,5,Q2,-0.1462931559332287,10,validation
2023-07-31,low_risk_score,5,Q3,-0.13176590087282208,10,validation
2023-07-31,low_risk_score,5,Q4,-0.09787253766119178,10,validation
2023-07-31,low_risk_score,5,Q5,-0.08923980041791717,10,validation
2023-07-31,low_risk_score,5,top_minus_bottom,0.03469904261339707,50,validation
2023-07-31,operating_quality_score,5,Q1,-0.08175101500188674,10,validation
2023-07-31,operating_quality_score,5,Q2,-0.12634202474431003,10,validation
2023-07-31,operating_quality_score,5,Q3,-0.1264309474337046,10,validation
2023-07-31,operating_quality_score,5,Q4,-0.10149002482467154,10,validation
2023-07-31,operating_quality_score,5,Q5,-0.15309622591190103,10,validation
2023-07-31,operating_quality_score,5,top_minus_bottom,-0.07134521091001429,50,validation
2023-07-31,price_momentum_score,5,Q1,-0.17054451875593277,10,validation
2023-07-31,price_momentum_score,5,Q2,-0.12866965449725978,10,validation
2023-07-31,price_momentum_score,5,Q3,-0.13281479102344496,10,validation
2023-07-31,price_momentum_score,5,Q4,-0.09430934716686523,10,validation
2023-07-31,price_momentum_score,5,Q5,-0.0627719264729712,10,validation
2023-07-31,price_momentum_score,5,top_minus_bottom,0.10777259228296157,50,validation
2023-08-31,composite_score,5,Q1,-0.03625762460848966,10,validation
2023-08-31,composite_score,5,Q2,-0.044131107628343665,9,validation
2023-08-31,composite_score,5,Q3,-0.07883795260409857,10,validation
2023-08-31,composite_score,5,Q4,-0.05993451227361868,9,validation
2023-08-31,composite_score,5,Q5,-0.046542496538299685,10,validation
2023-08-31,composite_score,5,top_minus_bottom,-0.010284871929810029,48,validation
2023-08-31,fundamental_momentum_score,5,Q1,-0.048965141530509404,10,validation
2023-08-31,fundamental_momentum_score,5,Q2,-0.035623689649554126,9,validation
2023-08-31,fundamental_momentum_score,5,Q3,-0.06727430675657671,10,validation
2023-08-31,fundamental_momentum_score,5,Q4,-0.048314627858632414,9,validation
2023-08-31,fundamental_momentum_score,5,Q5,-0.06351319761820001,10,validation
2023-08-31,fundamental_momentum_score,5,top_minus_bottom,-0.014548056087690608,48,validation
2023-08-31,low_risk_score,5,Q1,-0.04872065456942,10,validation
2023-08-31,low_risk_score,5,Q2,-0.07264214502979903,9,validation
2023-08-31,low_risk_score,5,Q3,-0.04854971521539604,10,validation
2023-08-31,low_risk_score,5,Q4,-0.05303629254837304,9,validation
2023-08-31,low_risk_score,5,Q5,-0.04491616805748311,10,validation
2023-08-31,low_risk_score,5,top_minus_bottom,0.0038044865119368915,48,validation
2023-08-31,operating_quality_score,5,Q1,-0.05397107443110262,10,validation
2023-08-31,operating_quality_score,5,Q2,-0.03804839179681582,9,validation
2023-08-31,operating_quality_score,5,Q3,-0.031002427364237438,10,validation
2023-08-31,operating_quality_score,5,Q4,-0.0849333941681018,9,validation
2023-08-31,operating_quality_score,5,Q5,-0.05964002249888808,10,validation
2023-08-31,operating_quality_score,5,top_minus_bottom,-0.005668948067785458,48,validation
2023-08-31,price_momentum_score,5,Q1,-0.029627118796473683,10,validation
2023-08-31,price_momentum_score,5,Q2,-0.07141000858190837,9,validation
2023-08-31,price_momentum_score,5,Q3,-0.04478093520965469,10,validation
2023-08-31,price_momentum_score,5,Q4,-0.05959880087799031,9,validation
2023-08-31,price_momentum_score,5,Q5,-0.06298114914261682,10,validation
2023-08-31,price_momentum_score,5,top_minus_bottom,-0.033354030346143135,48,validation
2023-09-28,composite_score,5,Q1,-0.02808917013733868,9,validation
2023-09-28,composite_score,5,Q2,-0.011140973916527415,9,validation
2023-09-28,composite_score,5,Q3,-0.01898518443736022,8,validation
2023-09-28,composite_score,5,Q4,-0.024358213479681146,9,validation
2023-09-28,composite_score,5,Q5,-0.0088690949719198,9,validation
2023-09-28,composite_score,5,top_minus_bottom,0.019220075165418876,44,validation
2023-09-28,fundamental_momentum_score,5,Q1,-0.04848673772845849,9,validation
2023-09-28,fundamental_momentum_score,5,Q2,-0.02835076298056327,9,validation
2023-09-28,fundamental_momentum_score,5,Q3,0.00587103078275257,8,validation
2023-09-28,fundamental_momentum_score,5,Q4,-0.02791329531424079,9,validation
2023-09-28,fundamental_momentum_score,5,Q5,0.010198929988806362,9,validation
2023-09-28,fundamental_momentum_score,5,top_minus_bottom,0.058685667717264856,44,validation
2023-09-28,low_risk_score,5,Q1,-0.013923106127829135,9,validation
2023-09-28,low_risk_score,5,Q2,9.041206524122251e-05,9,validation
2023-09-28,low_risk_score,5,Q3,-0.052528344945097144,8,validation
2023-09-28,low_risk_score,5,Q4,-0.024026964446133663,9,validation
2023-09-28,low_risk_score,5,Q5,-0.004781651323201531,9,validation
2023-09-28,low_risk_score,5,top_minus_bottom,0.009141454804627604,44,validation
2023-09-28,operating_quality_score,5,Q1,0.0007852186007165023,9,validation
2023-09-28,operating_quality_score,5,Q2,-0.045924299738524556,9,validation
2023-09-28,operating_quality_score,5,Q3,0.006964148673307052,8,validation
2023-09-28,operating_quality_score,5,Q4,-0.05115248743872206,9,validation
2023-09-28,operating_quality_score,5,Q5,0.0007680421949143929,9,validation
2023-09-28,operating_quality_score,5,top_minus_bottom,-1.7176405802109404e-05,44,validation
2023-09-28,price_momentum_score,5,Q1,-0.03853471055953296,9,validation
2023-09-28,price_momentum_score,5,Q2,0.005243647535773592,9,validation
2023-09-28,price_momentum_score,5,Q3,-0.002767084598588196,8,validation
2023-09-28,price_momentum_score,5,Q4,-0.031556874154375865,9,validation
2023-09-28,price_momentum_score,5,Q5,-0.02202560407290694,9,validation
2023-09-28,price_momentum_score,5,top_minus_bottom,0.01650910648662602,44,validation
2023-10-31,composite_score,5,Q1,-0.057923445775762264,9,validation
2023-10-31,composite_score,5,Q2,-0.06984169386530116,9,validation
2023-10-31,composite_score,5,Q3,-0.03359155720607029,9,validation
2023-10-31,composite_score,5,Q4,-0.016909068449068573,9,validation
2023-10-31,composite_score,5,Q5,-0.011148278679255016,9,validation
2023-10-31,composite_score,5,top_minus_bottom,0.046775167096507246,45,validation
2023-10-31,fundamental_momentum_score,5,Q1,-0.06391001206394097,9,validation
2023-10-31,fundamental_momentum_score,5,Q2,-0.017068881662709406,9,validation
2023-10-31,fundamental_momentum_score,5,Q3,-0.05294610105559668,9,validation
2023-10-31,fundamental_momentum_score,5,Q4,-0.03799226757536821,9,validation
2023-10-31,fundamental_momentum_score,5,Q5,-0.017496781617842034,9,validation
2023-10-31,fundamental_momentum_score,5,top_minus_bottom,0.046413230446098935,45,validation
2023-10-31,low_risk_score,5,Q1,-0.0593522009254031,9,validation
2023-10-31,low_risk_score,5,Q2,-0.05597176589271453,9,validation
2023-10-31,low_risk_score,5,Q3,-0.019132440542965774,9,validation
2023-10-31,low_risk_score,5,Q4,-0.04164526729074799,9,validation
2023-10-31,low_risk_score,5,Q5,-0.013312369323625907,9,validation
2023-10-31,low_risk_score,5,top_minus_bottom,0.046039831601777194,45,validation
2023-10-31,operating_quality_score,5,Q1,-0.025821538547221863,9,validation
2023-10-31,operating_quality_score,5,Q2,-0.018798534611410553,9,validation
2023-10-31,operating_quality_score,5,Q3,-0.037105692072729415,9,validation
2023-10-31,operating_quality_score,5,Q4,-0.05255271105023909,9,validation
2023-10-31,operating_quality_score,5,Q5,-0.05513556769385638,9,validation
2023-10-31,operating_quality_score,5,top_minus_bottom,-0.029314029146634515,45,validation
2023-10-31,price_momentum_score,5,Q1,-0.08095146573482603,9,validation
2023-10-31,price_momentum_score,5,Q2,-0.05537545971459143,9,validation
2023-10-31,price_momentum_score,5,Q3,-0.0526233140283581,9,validation
2023-10-31,price_momentum_score,5,Q4,-0.018344077458192727,9,validation
2023-10-31,price_momentum_score,5,Q5,0.017880272960510993,9,validation
2023-10-31,price_momentum_score,5,top_minus_bottom,0.09883173869533703,45,validation
2023-11-30,composite_score,5,Q1,-0.02799286407902878,10,validation
2023-11-30,composite_score,5,Q2,0.050053691253846636,9,validation
2023-11-30,composite_score,5,Q3,0.02072601778449386,9,validation
2023-11-30,composite_score,5,Q4,0.00510409499170239,9,validation
2023-11-30,composite_score,5,Q5,-0.009202146120549837,10,validation
2023-11-30,composite_score,5,top_minus_bottom,0.01879071795847894,47,validation
2023-11-30,fundamental_momentum_score,5,Q1,0.0076818699600013415,10,validation
2023-11-30,fundamental_momentum_score,5,Q2,-0.013230923078426807,9,validation
2023-11-30,fundamental_momentum_score,5,Q3,0.033289633571356135,9,validation
2023-11-30,fundamental_momentum_score,5,Q4,-0.012568334509125374,9,validation
2023-11-30,fundamental_momentum_score,5,Q5,0.016677205082035084,10,validation
2023-11-30,fundamental_momentum_score,5,top_minus_bottom,0.008995335122033743,47,validation
2023-11-30,low_risk_score,5,Q1,0.03748674509254233,10,validation
2023-11-30,low_risk_score,5,Q2,-0.01894892579312135,9,validation
2023-11-30,low_risk_score,5,Q3,0.04030020626772487,9,validation
2023-11-30,low_risk_score,5,Q4,-0.020620104786838497,9,validation
2023-11-30,low_risk_score,5,Q5,-0.007044389784070859,10,validation
2023-11-30,low_risk_score,5,top_minus_bottom,-0.04453113487661319,47,validation
2023-11-30,operating_quality_score,5,Q1,-0.040219459163719926,10,validation
2023-11-30,operating_quality_score,5,Q2,0.0002348986414519367,9,validation
2023-11-30,operating_quality_score,5,Q3,-0.00036734966585794115,9,validation
2023-11-30,operating_quality_score,5,Q4,0.008913965050243382,9,validation
2023-11-30,operating_quality_score,5,Q5,0.06341650996792628,10,validation
2023-11-30,operating_quality_score,5,top_minus_bottom,0.1036359691316462,47,validation
2023-11-30,price_momentum_score,5,Q1,0.05114026333401008,10,validation
2023-11-30,price_momentum_score,5,Q2,-0.022687852580640235,9,validation
2023-11-30,price_momentum_score,5,Q3,0.005747187369987324,9,validation
2023-11-30,price_momentum_score,5,Q4,-0.009673489536111727,9,validation
2023-11-30,price_momentum_score,5,Q5,0.003912889365538075,10,validation
2023-11-30,price_momentum_score,5,top_minus_bottom,-0.04722737396847201,47,validation
2023-12-29,composite_score,5,Q1,-0.2586449288498828,10,validation
2023-12-29,composite_score,5,Q2,-0.23358950482072474,9,validation
2023-12-29,composite_score,5,Q3,-0.23384562551710047,9,validation
2023-12-29,composite_score,5,Q4,-0.19258164001041989,9,validation
2023-12-29,composite_score,5,Q5,-0.1606781589843321,9,validation
2023-12-29,composite_score,5,top_minus_bottom,0.09796676986555072,46,validation
2023-12-29,fundamental_momentum_score,5,Q1,-0.2547052171793566,10,validation
2023-12-29,fundamental_momentum_score,5,Q2,-0.23677896014283575,9,validation
2023-12-29,fundamental_momentum_score,5,Q3,-0.19863214900080856,9,validation
2023-12-29,fundamental_momentum_score,5,Q4,-0.19702730381957073,9,validation
2023-12-29,fundamental_momentum_score,5,Q5,-0.1926339737810579,9,validation
2023-12-29,fundamental_momentum_score,5,top_minus_bottom,0.062071243398298726,46,validation
2023-12-29,low_risk_score,5,Q1,-0.27457343362711534,10,validation
2023-12-29,low_risk_score,5,Q2,-0.2470966089301735,9,validation
2023-12-29,low_risk_score,5,Q3,-0.19993216875296874,9,validation
2023-12-29,low_risk_score,5,Q4,-0.19618761412637042,9,validation
2023-12-29,low_risk_score,5,Q5,-0.15978019888169515,9,validation
2023-12-29,low_risk_score,5,top_minus_bottom,0.11479323474542019,46,validation
2023-12-29,operating_quality_score,5,Q1,-0.24008631466433555,10,validation
2023-12-29,operating_quality_score,5,Q2,-0.14980048361096795,9,validation
2023-12-29,operating_quality_score,5,Q3,-0.22250711039141002,9,validation
2023-12-29,operating_quality_score,5,Q4,-0.2302250101552455,9,validation
2023-12-29,operating_quality_score,5,Q5,-0.2387830076033396,9,validation
2023-12-29,operating_quality_score,5,top_minus_bottom,0.0013033070609959618,46,validation
2023-12-29,price_momentum_score,5,Q1,-0.2419472750551451,10,validation
2023-12-29,price_momentum_score,5,Q2,-0.2371579912303813,9,validation
2023-12-29,price_momentum_score,5,Q3,-0.2015340055334548,9,validation
2023-12-29,price_momentum_score,5,Q4,-0.20213388117552386,9,validation
2023-12-29,price_momentum_score,5,Q5,-0.1984220000540369,9,validation
2023-12-29,price_momentum_score,5,top_minus_bottom,0.0435252750011082,46,validation
2024-01-31,composite_score,5,Q1,0.0971337589358567,10,validation
2024-01-31,composite_score,5,Q2,0.15267380999939345,10,validation
2024-01-31,composite_score,5,Q3,0.12604315910803107,9,validation
2024-01-31,composite_score,5,Q4,0.14548412683351294,10,validation
2024-01-31,composite_score,5,Q5,0.10703054824245539,10,validation
2024-01-31,composite_score,5,top_minus_bottom,0.009896789306598694,49,validation
2024-01-31,fundamental_momentum_score,5,Q1,0.11205363095251211,10,validation
2024-01-31,fundamental_momentum_score,5,Q2,0.16491761403162655,10,validation
2024-01-31,fundamental_momentum_score,5,Q3,0.10394009933372977,9,validation
2024-01-31,fundamental_momentum_score,5,Q4,0.1322578107374695,10,validation
2024-01-31,fundamental_momentum_score,5,Q5,0.1129859420864815,10,validation
2024-01-31,fundamental_momentum_score,5,top_minus_bottom,0.0009323111339693824,49,validation
2024-01-31,low_risk_score,5,Q1,0.12907611409266265,10,validation
2024-01-31,low_risk_score,5,Q2,0.09738876390389306,10,validation
2024-01-31,low_risk_score,5,Q3,0.13344848713222313,9,validation
2024-01-31,low_risk_score,5,Q4,0.14497575345993868,10,validation
2024-01-31,low_risk_score,5,Q5,0.12421681733295124,10,validation
2024-01-31,low_risk_score,5,top_minus_bottom,-0.004859296759711404,49,validation
2024-01-31,operating_quality_score,5,Q1,0.10408655243921323,10,validation
2024-01-31,operating_quality_score,5,Q2,0.1087852206147786,10,validation
2024-01-31,operating_quality_score,5,Q3,0.13467296671378545,9,validation
2024-01-31,operating_quality_score,5,Q4,0.14923037322590965,10,validation
2024-01-31,operating_quality_score,5,Q5,0.13245327088613806,10,validation
2024-01-31,operating_quality_score,5,top_minus_bottom,0.02836671844692483,49,validation
2024-01-31,price_momentum_score,5,Q1,0.10546688308017269,10,validation
2024-01-31,price_momentum_score,5,Q2,0.15040646948615394,10,validation
2024-01-31,price_momentum_score,5,Q3,0.12790373067279823,9,validation
2024-01-31,price_momentum_score,5,Q4,0.10889403819108212,10,validation
2024-01-31,price_momentum_score,5,Q5,0.1358803388455193,10,validation
2024-01-31,price_momentum_score,5,top_minus_bottom,0.030413455765346625,49,validation
2024-02-29,composite_score,5,Q1,-0.04107747239851954,10,validation
2024-02-29,composite_score,5,Q2,-0.015922513761189618,10,validation
2024-02-29,composite_score,5,Q3,0.04638967603236251,10,validation
2024-02-29,composite_score,5,Q4,-0.011459343416982449,10,validation
2024-02-29,composite_score,5,Q5,0.0298895989045573,10,validation
2024-02-29,composite_score,5,top_minus_bottom,0.07096707130307683,50,validation
2024-02-29,fundamental_momentum_score,5,Q1,-0.04849849853606216,10,validation
2024-02-29,fundamental_momentum_score,5,Q2,0.03281469940560596,10,validation
2024-02-29,fundamental_momentum_score,5,Q3,-0.008810773503174663,10,validation
2024-02-29,fundamental_momentum_score,5,Q4,0.011716169742414916,10,validation
2024-02-29,fundamental_momentum_score,5,Q5,0.020598348251444153,10,validation
2024-02-29,fundamental_momentum_score,5,top_minus_bottom,0.06909684678750631,50,validation
2024-02-29,low_risk_score,5,Q1,-0.047336427091796605,10,validation
2024-02-29,low_risk_score,5,Q2,-0.014133981141713704,10,validation
2024-02-29,low_risk_score,5,Q3,-0.0041304846131990595,10,validation
2024-02-29,low_risk_score,5,Q4,-0.011947081839213492,10,validation
2024-02-29,low_risk_score,5,Q5,0.08536792004615107,10,validation
2024-02-29,low_risk_score,5,top_minus_bottom,0.13270434713794768,50,validation
2024-02-29,operating_quality_score,5,Q1,-0.032426563103357155,10,validation
2024-02-29,operating_quality_score,5,Q2,0.0324653793134718,10,validation
2024-02-29,operating_quality_score,5,Q3,0.00919871477138805,10,validation
2024-02-29,operating_quality_score,5,Q4,0.018763235948506894,10,validation
2024-02-29,operating_quality_score,5,Q5,-0.020180821569781383,10,validation
2024-02-29,operating_quality_score,5,top_minus_bottom,0.012245741533575771,50,validation
2024-02-29,price_momentum_score,5,Q1,-0.025867972853047993,10,validation
2024-02-29,price_momentum_score,5,Q2,0.0381376352087633,10,validation
2024-02-29,price_momentum_score,5,Q3,-0.0031840894363665885,10,validation
2024-02-29,price_momentum_score,5,Q4,0.015813665361520603,10,validation
2024-02-29,price_momentum_score,5,Q5,-0.017079292920641108,10,validation
2024-02-29,price_momentum_score,5,top_minus_bottom,0.008788679932406885,50,validation
2024-03-29,composite_score,5,Q1,-0.005407275136053824,10,validation
2024-03-29,composite_score,5,Q2,0.0471379358596266,10,validation
2024-03-29,composite_score,5,Q3,0.03121095757103657,10,validation
2024-03-29,composite_score,5,Q4,0.010779402529343651,10,validation
2024-03-29,composite_score,5,Q5,-0.011310625742227997,10,validation
2024-03-29,composite_score,5,top_minus_bottom,-0.005903350606174173,50,validation
2024-03-29,fundamental_momentum_score,5,Q1,-0.00870591705730378,10,validation
2024-03-29,fundamental_momentum_score,5,Q2,0.0038469339906732737,10,validation
2024-03-29,fundamental_momentum_score,5,Q3,0.0836263923981157,10,validation
2024-03-29,fundamental_momentum_score,5,Q4,-0.004545256035434297,10,validation
2024-03-29,fundamental_momentum_score,5,Q5,-0.001811758214325898,10,validation
2024-03-29,fundamental_momentum_score,5,top_minus_bottom,0.006894158842977882,50,validation
2024-03-29,low_risk_score,5,Q1,0.026567667264217422,10,validation
2024-03-29,low_risk_score,5,Q2,0.0423598021758725,10,validation
2024-03-29,low_risk_score,5,Q3,0.0060980319734438735,10,validation
2024-03-29,low_risk_score,5,Q4,0.012614100448085419,10,validation
2024-03-29,low_risk_score,5,Q5,-0.01522920677989421,10,validation
2024-03-29,low_risk_score,5,top_minus_bottom,-0.04179687404411163,50,validation
2024-03-29,operating_quality_score,5,Q1,0.017680363403906597,10,validation
2024-03-29,operating_quality_score,5,Q2,-0.030926076231087563,10,validation
2024-03-29,operating_quality_score,5,Q3,0.02791745495064053,10,validation
2024-03-29,operating_quality_score,5,Q4,-0.010504602625400839,10,validation
2024-03-29,operating_quality_score,5,Q5,0.06824325558366627,10,validation
2024-03-29,operating_quality_score,5,top_minus_bottom,0.05056289217975968,50,validation
2024-03-29,price_momentum_score,5,Q1,0.00767435335449228,10,validation
2024-03-29,price_momentum_score,5,Q2,0.003862644070718435,10,validation
2024-03-29,price_momentum_score,5,Q3,0.05082730025550758,10,validation
2024-03-29,price_momentum_score,5,Q4,0.023848779123207896,10,validation
2024-03-29,price_momentum_score,5,Q5,-0.013802681722201194,10,validation
2024-03-29,price_momentum_score,5,top_minus_bottom,-0.021477035076693473,50,validation
2024-04-30,composite_score,5,Q1,-0.05385984143839294,10,validation
2024-04-30,composite_score,5,Q2,-0.07218587454434544,10,validation
2024-04-30,composite_score,5,Q3,-0.03878302345300756,9,validation
2024-04-30,composite_score,5,Q4,0.02050770921303202,10,validation
2024-04-30,composite_score,5,Q5,-0.02494841648595727,10,validation
2024-04-30,composite_score,5,top_minus_bottom,0.02891142495243567,49,validation
2024-04-30,fundamental_momentum_score,5,Q1,-0.08143236860661224,10,validation
2024-04-30,fundamental_momentum_score,5,Q2,-0.035642441435850845,10,validation
2024-04-30,fundamental_momentum_score,5,Q3,-0.02362491692524861,9,validation
2024-04-30,fundamental_momentum_score,5,Q4,-0.008918244109651485,10,validation
2024-04-30,fundamental_momentum_score,5,Q5,-0.01813566497853212,10,validation
2024-04-30,fundamental_momentum_score,5,top_minus_bottom,0.06329670362808013,49,validation
2024-04-30,low_risk_score,5,Q1,-0.054254936298453106,10,validation
2024-04-30,low_risk_score,5,Q2,-0.016794331516947314,10,validation
2024-04-30,low_risk_score,5,Q3,-0.029009022091819422,9,validation
2024-04-30,low_risk_score,5,Q4,-0.047791490193837785,10,validation
2024-04-30,low_risk_score,5,Q5,-0.020442266471494754,10,validation
2024-04-30,low_risk_score,5,top_minus_bottom,0.03381266982695835,49,validation
2024-04-30,operating_quality_score,5,Q1,-0.041050728473448796,10,validation
2024-04-30,operating_quality_score,5,Q2,-0.04602520961794434,10,validation
2024-04-30,operating_quality_score,5,Q3,-0.014166401575283557,9,validation
2024-04-30,operating_quality_score,5,Q4,-0.023904581654209223,10,validation
2024-04-30,operating_quality_score,5,Q5,-0.041660863200012874,10,validation
2024-04-30,operating_quality_score,5,top_minus_bottom,-0.000610134726564078,49,validation
2024-04-30,price_momentum_score,5,Q1,-0.068226574439756,10,validation
2024-04-30,price_momentum_score,5,Q2,-0.04876377266206268,10,validation
2024-04-30,price_momentum_score,5,Q3,-0.001262859820306667,9,validation
2024-04-30,price_momentum_score,5,Q4,-0.012949963994791213,10,validation
2024-04-30,price_momentum_score,5,Q5,-0.03431425942848455,10,validation
2024-04-30,price_momentum_score,5,top_minus_bottom,0.03391231501127144,49,validation
2024-05-31,composite_score,5,Q1,-0.1771026549805947,10,validation
2024-05-31,composite_score,5,Q2,-0.12270988453789325,10,validation
2024-05-31,composite_score,5,Q3,-0.06451731146398779,9,validation
2024-05-31,composite_score,5,Q4,-0.11308783335994703,10,validation
2024-05-31,composite_score,5,Q5,-0.10126955446219596,10,validation
2024-05-31,composite_score,5,top_minus_bottom,0.07583310051839873,49,validation
2024-05-31,fundamental_momentum_score,5,Q1,-0.1691301752558509,10,validation
2024-05-31,fundamental_momentum_score,5,Q2,-0.10694810898510525,10,validation
2024-05-31,fundamental_momentum_score,5,Q3,-0.10609059042488365,9,validation
2024-05-31,fundamental_momentum_score,5,Q4,-0.12022565525031066,10,validation
2024-05-31,fundamental_momentum_score,5,Q5,-0.08045003678455784,10,validation
2024-05-31,fundamental_momentum_score,5,top_minus_bottom,0.08868013847129305,49,validation
2024-05-31,low_risk_score,5,Q1,-0.1427352102387785,10,validation
2024-05-31,low_risk_score,5,Q2,-0.14019681005447507,10,validation
2024-05-31,low_risk_score,5,Q3,-0.11115740903072638,9,validation
2024-05-31,low_risk_score,5,Q4,-0.0795592303744466,10,validation
2024-05-31,low_risk_score,5,Q5,-0.10970258886286602,10,validation
2024-05-31,low_risk_score,5,top_minus_bottom,0.03303262137591248,49,validation
2024-05-31,operating_quality_score,5,Q1,-0.13590825280678182,10,validation
2024-05-31,operating_quality_score,5,Q2,-0.14524676050499324,10,validation
2024-05-31,operating_quality_score,5,Q3,-0.09563292492422217,9,validation
2024-05-31,operating_quality_score,5,Q4,-0.08283229197182604,10,validation
2024-05-31,operating_quality_score,5,Q5,-0.12217856994281884,10,validation
2024-05-31,operating_quality_score,5,top_minus_bottom,0.013729682863962978,49,validation
2024-05-31,price_momentum_score,5,Q1,-0.16703448783324892,10,validation
2024-05-31,price_momentum_score,5,Q2,-0.11316037176584204,10,validation
2024-05-31,price_momentum_score,5,Q3,-0.11741239587006841,9,validation
2024-05-31,price_momentum_score,5,Q4,-0.09692633783096334,10,validation
2024-05-31,price_momentum_score,5,Q5,-0.08944315394510403,10,validation
2024-05-31,price_momentum_score,5,top_minus_bottom,0.07759133388814489,49,validation
2024-06-28,composite_score,5,Q1,0.05489129437904594,10,validation
2024-06-28,composite_score,5,Q2,0.011581657412386556,9,validation
2024-06-28,composite_score,5,Q3,0.031044890029901726,9,validation
2024-06-28,composite_score,5,Q4,-0.02813571727340948,9,validation
2024-06-28,composite_score,5,Q5,-0.005763345984186436,9,validation
2024-06-28,composite_score,5,top_minus_bottom,-0.06065464036323238,46,validation
2024-06-28,fundamental_momentum_score,5,Q1,0.05134446154152519,10,validation
2024-06-28,fundamental_momentum_score,5,Q2,0.06653080321370086,9,validation
2024-06-28,fundamental_momentum_score,5,Q3,-0.029698366419099384,9,validation
2024-06-28,fundamental_momentum_score,5,Q4,-0.032505480521831394,9,validation
2024-06-28,fundamental_momentum_score,5,Q5,0.008341453286945343,9,validation
2024-06-28,fundamental_momentum_score,5,top_minus_bottom,-0.043003008254579846,46,validation
2024-06-28,low_risk_score,5,Q1,0.04220029361753432,10,validation
2024-06-28,low_risk_score,5,Q2,-0.026538443462149792,9,validation
2024-06-28,low_risk_score,5,Q3,0.06532491447043073,9,validation
2024-06-28,low_risk_score,5,Q4,-0.0038406665647332406,9,validation
2024-06-28,low_risk_score,5,Q5,-0.012117208301620207,9,validation
2024-06-28,low_risk_score,5,top_minus_bottom,-0.05431750191915453,46,validation
2024-06-28,operating_quality_score,5,Q1,0.05855040792996408,10,validation
2024-06-28,operating_quality_score,5,Q2,-0.005380603141127229,9,validation
2024-06-28,operating_quality_score,5,Q3,-0.035681607015003954,9,validation
2024-06-28,operating_quality_score,5,Q4,0.01943737143296557,9,validation
2024-06-28,operating_quality_score,5,Q5,0.026286641184615607,9,validation
2024-06-28,operating_quality_score,5,top_minus_bottom,-0.03226376674534847,46,validation
2024-06-28,price_momentum_score,5,Q1,0.0038515608245181855,10,validation
2024-06-28,price_momentum_score,5,Q2,0.09113377434379419,9,validation
2024-06-28,price_momentum_score,5,Q3,-0.019237824364727776,9,validation
2024-06-28,price_momentum_score,5,Q4,-0.028704415126173707,9,validation
2024-06-28,price_momentum_score,5,Q5,0.022246764392386056,9,validation
2024-06-28,price_momentum_score,5,top_minus_bottom,0.01839520356786787,46,validation
2024-07-31,composite_score,5,Q1,-0.036500450888362596,9,final_holdout
2024-07-31,composite_score,5,Q2,-0.09305696458212695,8,final_holdout
2024-07-31,composite_score,5,Q3,-0.05051875858517189,9,final_holdout
2024-07-31,composite_score,5,Q4,-0.028101804637118033,8,final_holdout
2024-07-31,composite_score,5,Q5,-0.05325544284192921,9,final_holdout
2024-07-31,composite_score,5,top_minus_bottom,-0.01675499195356661,43,final_holdout
2024-07-31,fundamental_momentum_score,5,Q1,-0.026239421294520296,9,final_holdout
2024-07-31,fundamental_momentum_score,5,Q2,-0.07006360067432042,8,final_holdout
2024-07-31,fundamental_momentum_score,5,Q3,-0.05956198722436095,9,final_holdout
2024-07-31,fundamental_momentum_score,5,Q4,-0.04449663586164923,8,final_holdout
2024-07-31,fundamental_momentum_score,5,Q5,-0.060338606181716076,9,final_holdout
2024-07-31,fundamental_momentum_score,5,top_minus_bottom,-0.03409918488719578,43,final_holdout
2024-07-31,low_risk_score,5,Q1,-0.017022011267831785,9,final_holdout
2024-07-31,low_risk_score,5,Q2,-0.05724374552888184,8,final_holdout
2024-07-31,low_risk_score,5,Q3,-0.06859335403805804,9,final_holdout
2024-07-31,low_risk_score,5,Q4,-0.08895027923448778,8,final_holdout
2024-07-31,low_risk_score,5,Q5,-0.03240572652590753,9,final_holdout
2024-07-31,low_risk_score,5,top_minus_bottom,-0.015383715258075744,43,final_holdout
2024-07-31,operating_quality_score,5,Q1,-0.09106095170321063,9,final_holdout
2024-07-31,operating_quality_score,5,Q2,0.015720042287570873,8,final_holdout
2024-07-31,operating_quality_score,5,Q3,-0.07152742263608555,9,final_holdout
2024-07-31,operating_quality_score,5,Q4,-0.06469977297528019,8,final_holdout
2024-07-31,operating_quality_score,5,Q5,-0.04184542333753254,9,final_holdout
2024-07-31,operating_quality_score,5,top_minus_bottom,0.049215528365678086,43,final_holdout
2024-07-31,price_momentum_score,5,Q1,-0.0437912099788568,9,final_holdout
2024-07-31,price_momentum_score,5,Q2,-0.06612951557205639,8,final_holdout
2024-07-31,price_momentum_score,5,Q3,-0.04499414903327205,9,final_holdout
2024-07-31,price_momentum_score,5,Q4,-0.05771313632162871,8,final_holdout
2024-07-31,price_momentum_score,5,Q5,-0.049103619814943635,9,final_holdout
2024-07-31,price_momentum_score,5,top_minus_bottom,-0.005312409836086836,43,final_holdout
2024-08-30,composite_score,5,Q1,0.36324057828137374,9,final_holdout
2024-08-30,composite_score,5,Q2,0.4166561236869497,8,final_holdout
2024-08-30,composite_score,5,Q3,0.29358590291820935,9,final_holdout
2024-08-30,composite_score,5,Q4,0.29415166098940215,8,final_holdout
2024-08-30,composite_score,5,Q5,0.28891168758810537,9,final_holdout
2024-08-30,composite_score,5,top_minus_bottom,-0.07432889069326837,43,final_holdout
2024-08-30,fundamental_momentum_score,5,Q1,0.3849857310674645,9,final_holdout
2024-08-30,fundamental_momentum_score,5,Q2,0.3498053039454755,8,final_holdout
2024-08-30,fundamental_momentum_score,5,Q3,0.3155499545641138,9,final_holdout
2024-08-30,fundamental_momentum_score,5,Q4,0.2645775567129849,8,final_holdout
2024-08-30,fundamental_momentum_score,5,Q5,0.3309135267275694,9,final_holdout
2024-08-30,fundamental_momentum_score,5,top_minus_bottom,-0.05407220433989507,43,final_holdout
2024-08-30,low_risk_score,5,Q1,0.29892489871266126,9,final_holdout
2024-08-30,low_risk_score,5,Q2,0.35355239273009564,8,final_holdout
2024-08-30,low_risk_score,5,Q3,0.3174171322996925,9,final_holdout
2024-08-30,low_risk_score,5,Q4,0.41050514988826076,8,final_holdout
2024-08-30,low_risk_score,5,Q5,0.2820630196046641,9,final_holdout
2024-08-30,low_risk_score,5,top_minus_bottom,-0.016861879107997135,43,final_holdout
2024-08-30,operating_quality_score,5,Q1,0.43409953646093197,9,final_holdout
2024-08-30,operating_quality_score,5,Q2,0.28688401636155214,8,final_holdout
2024-08-30,operating_quality_score,5,Q3,0.2707379732204841,9,final_holdout
2024-08-30,operating_quality_score,5,Q4,0.3423356256865708,8,final_holdout
2024-08-30,operating_quality_score,5,Q5,0.31342345255358706,9,final_holdout
2024-08-30,operating_quality_score,5,top_minus_bottom,-0.12067608390734491,43,final_holdout
2024-08-30,price_momentum_score,5,Q1,0.33522133747680327,9,final_holdout
2024-08-30,price_momentum_score,5,Q2,0.42560960783140467,8,final_holdout
2024-08-30,price_momentum_score,5,Q3,0.330053840603126,9,final_holdout
2024-08-30,price_momentum_score,5,Q4,0.3094947314785903,8,final_holdout
2024-08-30,price_momentum_score,5,Q5,0.258866053255632,9,final_holdout
2024-08-30,price_momentum_score,5,top_minus_bottom,-0.07635528422117127,43,final_holdout
2024-09-30,composite_score,5,Q1,0.04420073418440449,10,final_holdout
2024-09-30,composite_score,5,Q2,0.010610931839933077,9,final_holdout
2024-09-30,composite_score,5,Q3,0.0006409933509175206,9,final_holdout
2024-09-30,composite_score,5,Q4,-0.0025519175104822636,9,final_holdout
2024-09-30,composite_score,5,Q5,-0.0029680467076099726,10,final_holdout
2024-09-30,composite_score,5,top_minus_bottom,-0.04716878089201446,47,final_holdout
2024-09-30,fundamental_momentum_score,5,Q1,0.007253043525629066,10,final_holdout
2024-09-30,fundamental_momentum_score,5,Q2,0.036379434309043286,9,final_holdout
2024-09-30,fundamental_momentum_score,5,Q3,0.01925471667915092,9,final_holdout
2024-09-30,fundamental_momentum_score,5,Q4,0.011492010790047,9,final_holdout
2024-09-30,fundamental_momentum_score,5,Q5,-0.018603894736920135,10,final_holdout
2024-09-30,fundamental_momentum_score,5,top_minus_bottom,-0.0258569382625492,47,final_holdout
2024-09-30,low_risk_score,5,Q1,0.011251850203922775,10,final_holdout
2024-09-30,low_risk_score,5,Q2,0.06885771744796837,9,final_holdout
2024-09-30,low_risk_score,5,Q3,-0.00956453389185177,9,final_holdout
2024-09-30,low_risk_score,5,Q4,-0.01957654972637431,9,final_holdout
2024-09-30,low_risk_score,5,Q5,0.0020658737384351865,10,final_holdout
2024-09-30,low_risk_score,5,top_minus_bottom,-0.009185976465487588,47,final_holdout
2024-09-30,operating_quality_score,5,Q1,0.012392134338549332,10,final_holdout
2024-09-30,operating_quality_score,5,Q2,0.03523861959512575,9,final_holdout
2024-09-30,operating_quality_score,5,Q3,-0.005314721709866157,9,final_holdout
2024-09-30,operating_quality_score,5,Q4,0.035876784920171025,9,final_holdout
2024-09-30,operating_quality_score,5,Q5,-0.022550054474310875,10,final_holdout
2024-09-30,operating_quality_score,5,top_minus_bottom,-0.03494218881286021,47,final_holdout
2024-09-30,price_momentum_score,5,Q1,0.05339829669857253,10,final_holdout
2024-09-30,price_momentum_score,5,Q2,-0.0012297050070005306,9,final_holdout
2024-09-30,price_momentum_score,5,Q3,-0.017697174245709307,9,final_holdout
2024-09-30,price_momentum_score,5,Q4,0.012876701768509413,9,final_holdout
2024-09-30,price_momentum_score,5,Q5,0.0011095574263338625,10,final_holdout
2024-09-30,price_momentum_score,5,top_minus_bottom,-0.05228873927223867,47,final_holdout
2024-10-31,composite_score,5,Q1,0.06439866012591225,10,final_holdout
2024-10-31,composite_score,5,Q2,0.030280504357957407,10,final_holdout
2024-10-31,composite_score,5,Q3,0.029513643324090184,9,final_holdout
2024-10-31,composite_score,5,Q4,0.03682724703269782,10,final_holdout
2024-10-31,composite_score,5,Q5,0.02671645146849786,10,final_holdout
2024-10-31,composite_score,5,top_minus_bottom,-0.03768220865741439,49,final_holdout
2024-10-31,fundamental_momentum_score,5,Q1,0.05703576943943532,10,final_holdout
2024-10-31,fundamental_momentum_score,5,Q2,0.02666762795206652,10,final_holdout
2024-10-31,fundamental_momentum_score,5,Q3,0.03181232465886046,9,final_holdout
2024-10-31,fundamental_momentum_score,5,Q4,0.028954374087716662,10,final_holdout
2024-10-31,fundamental_momentum_score,5,Q5,0.04349627830455357,10,final_holdout
2024-10-31,fundamental_momentum_score,5,top_minus_bottom,-0.013539491134881752,49,final_holdout
2024-10-31,low_risk_score,5,Q1,-0.00050104447905569,10,final_holdout
2024-10-31,low_risk_score,5,Q2,0.09102422667321093,10,final_holdout
2024-10-31,low_risk_score,5,Q3,0.12010177079991029,9,final_holdout
2024-10-31,low_risk_score,5,Q4,-0.017162298287276955,10,final_holdout
2024-10-31,low_risk_score,5,Q5,0.003332664349948955,10,final_holdout
2024-10-31,low_risk_score,5,top_minus_bottom,0.0038337088290046452,49,final_holdout
2024-10-31,operating_quality_score,5,Q1,0.03818504092075312,10,final_holdout
2024-10-31,operating_quality_score,5,Q2,0.028999426952978892,10,final_holdout
2024-10-31,operating_quality_score,5,Q3,0.044538294645258505,9,final_holdout
2024-10-31,operating_quality_score,5,Q4,0.04295697949678192,10,final_holdout
2024-10-31,operating_quality_score,5,Q5,0.0345592294254999,10,final_holdout
2024-10-31,operating_quality_score,5,top_minus_bottom,-0.00362581149525322,49,final_holdout
2024-10-31,price_momentum_score,5,Q1,0.12825093201860618,10,final_holdout
2024-10-31,price_momentum_score,5,Q2,0.013487406585798844,10,final_holdout
2024-10-31,price_momentum_score,5,Q3,0.020394515419930773,9,final_holdout
2024-10-31,price_momentum_score,5,Q4,0.020866104613049618,10,final_holdout
2024-10-31,price_momentum_score,5,Q5,0.0038256348813541564,10,final_holdout
2024-10-31,price_momentum_score,5,top_minus_bottom,-0.12442529713725203,49,final_holdout
2024-11-29,composite_score,5,Q1,-0.153760278788677,10,final_holdout
2024-11-29,composite_score,5,Q2,-0.07228070379997971,10,final_holdout
2024-11-29,composite_score,5,Q3,-0.05501961188412525,9,final_holdout
2024-11-29,composite_score,5,Q4,-0.09857909217061539,10,final_holdout
2024-11-29,composite_score,5,Q5,-0.038903641751613226,10,final_holdout
2024-11-29,composite_score,5,top_minus_bottom,0.11485663703706378,49,final_holdout
2024-11-29,fundamental_momentum_score,5,Q1,-0.14591499142298106,10,final_holdout
2024-11-29,fundamental_momentum_score,5,Q2,-0.05389303793177421,10,final_holdout
2024-11-29,fundamental_momentum_score,5,Q3,-0.11110988145719963,9,final_holdout
2024-11-29,fundamental_momentum_score,5,Q4,-0.06989073266355231,10,final_holdout
2024-11-29,fundamental_momentum_score,5,Q5,-0.04334371187681084,10,final_holdout
2024-11-29,fundamental_momentum_score,5,top_minus_bottom,0.10257127954617022,49,final_holdout
2024-11-29,low_risk_score,5,Q1,-0.15149668579517434,10,final_holdout
2024-11-29,low_risk_score,5,Q2,-0.1302476806105356,10,final_holdout
2024-11-29,low_risk_score,5,Q3,-0.08734312020840712,9,final_holdout
2024-11-29,low_risk_score,5,Q4,-0.04005616955102119,10,final_holdout
2024-11-29,low_risk_score,5,Q5,-0.012632023062300568,10,final_holdout
2024-11-29,low_risk_score,5,top_minus_bottom,0.13886466273287376,49,final_holdout
2024-11-29,operating_quality_score,5,Q1,-0.07742333718393045,10,final_holdout
2024-11-29,operating_quality_score,5,Q2,-0.09847178167497828,10,final_holdout
2024-11-29,operating_quality_score,5,Q3,-0.057764447834314524,9,final_holdout
2024-11-29,operating_quality_score,5,Q4,-0.1009417833637177,10,final_holdout
2024-11-29,operating_quality_score,5,Q5,-0.08421646193308856,10,final_holdout
2024-11-29,operating_quality_score,5,top_minus_bottom,-0.006793124749158108,49,final_holdout
2024-11-29,price_momentum_score,5,Q1,-0.11825668072918219,10,final_holdout
2024-11-29,price_momentum_score,5,Q2,-0.09365924859108568,10,final_holdout
2024-11-29,price_momentum_score,5,Q3,-0.08115623163604903,9,final_holdout
2024-11-29,price_momentum_score,5,Q4,-0.057230820204310376,10,final_holdout
2024-11-29,price_momentum_score,5,Q5,-0.07085400920957571,10,final_holdout
2024-11-29,price_momentum_score,5,top_minus_bottom,0.047402671519606476,49,final_holdout
2024-12-31,composite_score,5,Q1,-0.06771134753673942,10,final_holdout
2024-12-31,composite_score,5,Q2,-0.032459048455499226,10,final_holdout
2024-12-31,composite_score,5,Q3,-0.029310673625880936,9,final_holdout
2024-12-31,composite_score,5,Q4,-0.024296719772508336,10,final_holdout
2024-12-31,composite_score,5,Q5,-0.036157005470900394,10,final_holdout
2024-12-31,composite_score,5,top_minus_bottom,0.03155434206583903,49,final_holdout
2024-12-31,fundamental_momentum_score,5,Q1,-0.049251105495530155,10,final_holdout
2024-12-31,fundamental_momentum_score,5,Q2,-0.05556409991278638,10,final_holdout
2024-12-31,fundamental_momentum_score,5,Q3,-0.0384925414141933,9,final_holdout
2024-12-31,fundamental_momentum_score,5,Q4,-0.026443905495729024,10,final_holdout
2024-12-31,fundamental_momentum_score,5,Q5,-0.021101329322120686,10,final_holdout
2024-12-31,fundamental_momentum_score,5,top_minus_bottom,0.02814977617340947,49,final_holdout
2024-12-31,low_risk_score,5,Q1,-0.08057174797907192,10,final_holdout
2024-12-31,low_risk_score,5,Q2,-0.06228538225351201,10,final_holdout
2024-12-31,low_risk_score,5,Q3,-0.056076670446903246,9,final_holdout
2024-12-31,low_risk_score,5,Q4,0.006994262022462594,10,final_holdout
2024-12-31,low_risk_score,5,Q5,-0.0006718558866059654,10,final_holdout
2024-12-31,low_risk_score,5,top_minus_bottom,0.07989989209246595,49,final_holdout
2024-12-31,operating_quality_score,5,Q1,-0.022551191860428588,10,final_holdout
2024-12-31,operating_quality_score,5,Q2,-0.06242507025893375,10,final_holdout
2024-12-31,operating_quality_score,5,Q3,-0.04656922923380694,9,final_holdout
2024-12-31,operating_quality_score,5,Q4,0.009391668172006129,10,final_holdout
2024-12-31,operating_quality_score,5,Q5,-0.06950682724115777,10,final_holdout
2024-12-31,operating_quality_score,5,top_minus_bottom,-0.04695563538072918,49,final_holdout
2024-12-31,price_momentum_score,5,Q1,-0.014483069313053088,10,final_holdout
2024-12-31,price_momentum_score,5,Q2,-0.020970719701272268,10,final_holdout
2024-12-31,price_momentum_score,5,Q3,-0.07119307325870822,9,final_holdout
2024-12-31,price_momentum_score,5,Q4,-0.023469793286788367,10,final_holdout
2024-12-31,price_momentum_score,5,Q5,-0.0640063792649891,10,final_holdout
2024-12-31,price_momentum_score,5,top_minus_bottom,-0.04952330995193602,49,final_holdout
2025-01-27,composite_score,5,Q1,0.2467833165294607,10,final_holdout
2025-01-27,composite_score,5,Q2,0.0857872788469391,9,final_holdout
2025-01-27,composite_score,5,Q3,0.12071110612963676,10,final_holdout
2025-01-27,composite_score,5,Q4,0.13532815392298636,9,final_holdout
2025-01-27,composite_score,5,Q5,0.10033097649533666,10,final_holdout
2025-01-27,composite_score,5,top_minus_bottom,-0.14645234003412405,48,final_holdout
2025-01-27,fundamental_momentum_score,5,Q1,0.1770615029524692,10,final_holdout
2025-01-27,fundamental_momentum_score,5,Q2,0.15378385999128874,9,final_holdout
2025-01-27,fundamental_momentum_score,5,Q3,0.12152272480421981,10,final_holdout
2025-01-27,fundamental_momentum_score,5,Q4,0.16536958254301728,9,final_holdout
2025-01-27,fundamental_momentum_score,5,Q5,0.08100696260980261,10,final_holdout
2025-01-27,fundamental_momentum_score,5,top_minus_bottom,-0.09605454034266658,48,final_holdout
2025-01-27,low_risk_score,5,Q1,0.25296665454143435,10,final_holdout
2025-01-27,low_risk_score,5,Q2,0.07450228868771806,9,final_holdout
2025-01-27,low_risk_score,5,Q3,0.1362160457600892,10,final_holdout
2025-01-27,low_risk_score,5,Q4,0.11386311856463374,9,final_holdout
2025-01-27,low_risk_score,5,Q5,0.10811772181872685,10,final_holdout
2025-01-27,low_risk_score,5,top_minus_bottom,-0.1448489327227075,48,final_holdout
2025-01-27,operating_quality_score,5,Q1,0.15064004631508807,10,final_holdout
2025-01-27,operating_quality_score,5,Q2,0.22961032457198127,9,final_holdout
2025-01-27,operating_quality_score,5,Q3,0.1008851732335696,10,final_holdout
2025-01-27,operating_quality_score,5,Q4,0.10625002985318299,9,final_holdout
2025-01-27,operating_quality_score,5,Q5,0.11302975011606153,10,final_holdout
2025-01-27,operating_quality_score,5,top_minus_bottom,-0.03761029619902653,48,final_holdout
2025-01-27,price_momentum_score,5,Q1,0.11197974282544569,10,final_holdout
2025-01-27,price_momentum_score,5,Q2,0.1093633243983238,9,final_holdout
2025-01-27,price_momentum_score,5,Q3,0.16834000065070356,10,final_holdout
2025-01-27,price_momentum_score,5,Q4,0.11858015500795865,9,final_holdout
2025-01-27,price_momentum_score,5,Q5,0.1813604137055636,10,final_holdout
2025-01-27,price_momentum_score,5,top_minus_bottom,0.06938067088011791,48,final_holdout
2025-02-28,composite_score,5,Q1,-0.06853065199357102,10,final_holdout
2025-02-28,composite_score,5,Q2,-0.05952059175062824,10,final_holdout
2025-02-28,composite_score,5,Q3,-0.052813986405582894,9,final_holdout
2025-02-28,composite_score,5,Q4,-0.04327648882648057,10,final_holdout
2025-02-28,composite_score,5,Q5,-0.038834072773094766,10,final_holdout
2025-02-28,composite_score,5,top_minus_bottom,0.02969657922047625,49,final_holdout
2025-02-28,fundamental_momentum_score,5,Q1,-0.05792508795111637,10,final_holdout
2025-02-28,fundamental_momentum_score,5,Q2,-0.07209484787270479,10,final_holdout
2025-02-28,fundamental_momentum_score,5,Q3,-0.0582646337996268,9,final_holdout
2025-02-28,fundamental_momentum_score,5,Q4,-0.052017840515813665,10,final_holdout
2025-02-28,fundamental_momentum_score,5,Q5,-0.023218446349500255,10,final_holdout
2025-02-28,fundamental_momentum_score,5,top_minus_bottom,0.034706641601616114,49,final_holdout
2025-02-28,low_risk_score,5,Q1,-0.09728876401063583,10,final_holdout
2025-02-28,low_risk_score,5,Q2,-0.0379719915567312,10,final_holdout
2025-02-28,low_risk_score,5,Q3,-0.04127883704429452,9,final_holdout
2025-02-28,low_risk_score,5,Q4,-0.04821409613392762,10,final_holdout
2025-02-28,low_risk_score,5,Q5,-0.03706858806763948,10,final_holdout
2025-02-28,low_risk_score,5,top_minus_bottom,0.06022017594299635,49,final_holdout
2025-02-28,operating_quality_score,5,Q1,-0.0419460296561328,10,final_holdout
2025-02-28,operating_quality_score,5,Q2,-0.08199294402991372,10,final_holdout
2025-02-28,operating_quality_score,5,Q3,-0.06308275063233884,9,final_holdout
2025-02-28,operating_quality_score,5,Q4,-0.027041293419011115,10,final_holdout
2025-02-28,operating_quality_score,5,Q5,-0.04993965043463659,10,final_holdout
2025-02-28,operating_quality_score,5,top_minus_bottom,-0.007993620778503796,49,final_holdout
2025-02-28,price_momentum_score,5,Q1,-0.01354973266051127,10,final_holdout
2025-02-28,price_momentum_score,5,Q2,-0.07528992832868071,10,final_holdout
2025-02-28,price_momentum_score,5,Q3,-0.04866039580555432,9,final_holdout
2025-02-28,price_momentum_score,5,Q4,-0.05657634399198913,10,final_holdout
2025-02-28,price_momentum_score,5,Q5,-0.06848403190261919,10,final_holdout
2025-02-28,price_momentum_score,5,top_minus_bottom,-0.054934299242107916,49,final_holdout
2025-03-31,composite_score,5,Q1,-0.09606531127998738,10,final_holdout
2025-03-31,composite_score,5,Q2,-0.08186577112596088,9,final_holdout
2025-03-31,composite_score,5,Q3,-0.12539032128755465,10,final_holdout
2025-03-31,composite_score,5,Q4,-0.07426656343648934,9,final_holdout
2025-03-31,composite_score,5,Q5,-0.06392776408896397,10,final_holdout
2025-03-31,composite_score,5,top_minus_bottom,0.03213754719102341,48,final_holdout
2025-03-31,fundamental_momentum_score,5,Q1,-0.09242615831753762,10,final_holdout
2025-03-31,fundamental_momentum_score,5,Q2,-0.10124466705726438,9,final_holdout
2025-03-31,fundamental_momentum_score,5,Q3,-0.11662907392414001,10,final_holdout
2025-03-31,fundamental_momentum_score,5,Q4,-0.06204786374973903,9,final_holdout
2025-03-31,fundamental_momentum_score,5,Q5,-0.0698839877947305,10,final_holdout
2025-03-31,fundamental_momentum_score,5,top_minus_bottom,0.022542170522807117,48,final_holdout
2025-03-31,low_risk_score,5,Q1,-0.10583452008541516,10,final_holdout
2025-03-31,low_risk_score,5,Q2,-0.08696197203663376,9,final_holdout
2025-03-31,low_risk_score,5,Q3,-0.10648740035919588,10,final_holdout
2025-03-31,low_risk_score,5,Q4,-0.09065741174463979,9,final_holdout
2025-03-31,low_risk_score,5,Q5,-0.05372313191495396,10,final_holdout
2025-03-31,low_risk_score,5,top_minus_bottom,0.0521113881704612,48,final_holdout
2025-03-31,operating_quality_score,5,Q1,-0.11378443724700102,10,final_holdout
2025-03-31,operating_quality_score,5,Q2,-0.07640043226268005,9,final_holdout
2025-03-31,operating_quality_score,5,Q3,-0.09442818144581673,10,final_holdout
2025-03-31,operating_quality_score,5,Q4,-0.0868041887439674,9,final_holdout
2025-03-31,operating_quality_score,5,Q5,-0.07080572016391076,10,final_holdout
2025-03-31,operating_quality_score,5,top_minus_bottom,0.042978717083090257,48,final_holdout
2025-03-31,price_momentum_score,5,Q1,-0.07589174317540834,10,final_holdout
2025-03-31,price_momentum_score,5,Q2,-0.069779841942629,9,final_holdout
2025-03-31,price_momentum_score,5,Q3,-0.09300818656983016,10,final_holdout
2025-03-31,price_momentum_score,5,Q4,-0.11196689087667466,9,final_holdout
2025-03-31,price_momentum_score,5,Q5,-0.09343050848009941,10,final_holdout
2025-03-31,price_momentum_score,5,top_minus_bottom,-0.017538765304691076,48,final_holdout
2025-04-30,composite_score,5,Q1,0.00022863748998035448,10,final_holdout
2025-04-30,composite_score,5,Q2,0.01782802650902429,9,final_holdout
2025-04-30,composite_score,5,Q3,0.007000261504905692,10,final_holdout
2025-04-30,composite_score,5,Q4,-0.03290738544104366,9,final_holdout
2025-04-30,composite_score,5,Q5,0.018760484429462553,10,final_holdout
2025-04-30,composite_score,5,top_minus_bottom,0.018531846939482198,48,final_holdout
2025-04-30,fundamental_momentum_score,5,Q1,0.03654108996015726,10,final_holdout
2025-04-30,fundamental_momentum_score,5,Q2,-0.008084568590135103,9,final_holdout
2025-04-30,fundamental_momentum_score,5,Q3,-0.0008202995110305645,10,final_holdout
2025-04-30,fundamental_momentum_score,5,Q4,-0.01127130362958236,9,final_holdout
2025-04-30,fundamental_momentum_score,5,Q5,-0.005882545065849809,10,final_holdout
2025-04-30,fundamental_momentum_score,5,top_minus_bottom,-0.042423635026007066,48,final_holdout
2025-04-30,low_risk_score,5,Q1,-0.029054489744160084,10,final_holdout
2025-04-30,low_risk_score,5,Q2,0.003331160074770634,9,final_holdout
2025-04-30,low_risk_score,5,Q3,-0.001235488482612801,10,final_holdout
2025-04-30,low_risk_score,5,Q4,-0.004566965390050131,9,final_holdout
2025-04-30,low_risk_score,5,Q5,0.0438201633960556,10,final_holdout
2025-04-30,low_risk_score,5,top_minus_bottom,0.07287465314021568,48,final_holdout
2025-04-30,operating_quality_score,5,Q1,0.006137029578047215,10,final_holdout
2025-04-30,operating_quality_score,5,Q2,-0.0033019325093698315,9,final_holdout
2025-04-30,operating_quality_score,5,Q3,0.022184439566477254,10,final_holdout
2025-04-30,operating_quality_score,5,Q4,-0.00244856275706636,9,final_holdout
2025-04-30,operating_quality_score,5,Q5,-0.010728063019200729,10,final_holdout
2025-04-30,operating_quality_score,5,top_minus_bottom,-0.016865092597247944,48,final_holdout
2025-04-30,price_momentum_score,5,Q1,0.020481194470047138,10,final_holdout
2025-04-30,price_momentum_score,5,Q2,0.006757751307622819,9,final_holdout
2025-04-30,price_momentum_score,5,Q3,0.028198342933571218,10,final_holdout
2025-04-30,price_momentum_score,5,Q4,0.007779883193298464,9,final_holdout
2025-04-30,price_momentum_score,5,Q5,-0.049345448068916345,10,final_holdout
2025-04-30,price_momentum_score,5,top_minus_bottom,-0.06982664253896348,48,final_holdout
2025-05-30,composite_score,5,Q1,0.1285722682155631,10,final_holdout
2025-05-30,composite_score,5,Q2,0.14633051440145106,9,final_holdout
2025-05-30,composite_score,5,Q3,0.10373863544349986,9,final_holdout
2025-05-30,composite_score,5,Q4,0.042833361694751444,9,final_holdout
2025-05-30,composite_score,5,Q5,0.08556727287244915,9,final_holdout
2025-05-30,composite_score,5,top_minus_bottom,-0.04300499534311396,46,final_holdout
2025-05-30,fundamental_momentum_score,5,Q1,0.11073259304574785,10,final_holdout
2025-05-30,fundamental_momentum_score,5,Q2,0.1495351344228659,9,final_holdout
2025-05-30,fundamental_momentum_score,5,Q3,0.032725689706762456,9,final_holdout
2025-05-30,fundamental_momentum_score,5,Q4,0.14705084481869252,9,final_holdout
2025-05-30,fundamental_momentum_score,5,Q5,0.06897997676362538,9,final_holdout
2025-05-30,fundamental_momentum_score,5,top_minus_bottom,-0.04175261628212247,46,final_holdout
2025-05-30,low_risk_score,5,Q1,0.08178406040039608,10,final_holdout
2025-05-30,low_risk_score,5,Q2,0.15361123464062496,9,final_holdout
2025-05-30,low_risk_score,5,Q3,0.1274290760429591,9,final_holdout
2025-05-30,low_risk_score,5,Q4,0.0957018878236814,9,final_holdout
2025-05-30,low_risk_score,5,Q5,0.05371448347729387,9,final_holdout
2025-05-30,low_risk_score,5,top_minus_bottom,-0.02806957692310221,46,final_holdout
2025-05-30,operating_quality_score,5,Q1,0.1115211410255366,10,final_holdout
2025-05-30,operating_quality_score,5,Q2,0.07849045557842754,9,final_holdout
2025-05-30,operating_quality_score,5,Q3,0.17584003823593244,9,final_holdout
2025-05-30,operating_quality_score,5,Q4,0.06366232487426204,9,final_holdout
2025-05-30,operating_quality_score,5,Q5,0.07942266260133672,9,final_holdout
2025-05-30,operating_quality_score,5,top_minus_bottom,-0.03209847842419988,46,final_holdout
2025-05-30,price_momentum_score,5,Q1,0.13737147852880174,10,final_holdout
2025-05-30,price_momentum_score,5,Q2,0.10671500834975663,9,final_holdout
2025-05-30,price_momentum_score,5,Q3,0.11123141249394702,9,final_holdout
2025-05-30,price_momentum_score,5,Q4,0.1136122629738727,9,final_holdout
2025-05-30,price_momentum_score,5,Q5,0.03713420024653223,9,final_holdout
2025-05-30,price_momentum_score,5,top_minus_bottom,-0.10023727828226951,46,final_holdout
2025-06-30,composite_score,5,Q1,-0.053934829605979506,10,final_holdout
2025-06-30,composite_score,5,Q2,0.00584042693278426,10,final_holdout
2025-06-30,composite_score,5,Q3,0.03141769394485979,9,final_holdout
2025-06-30,composite_score,5,Q4,0.004712539241463654,10,final_holdout
2025-06-30,composite_score,5,Q5,0.012521379632129126,10,final_holdout
2025-06-30,composite_score,5,top_minus_bottom,0.06645620923810863,49,final_holdout
2025-06-30,fundamental_momentum_score,5,Q1,-0.020804122589814435,10,final_holdout
2025-06-30,fundamental_momentum_score,5,Q2,-0.011474952157390283,10,final_holdout
2025-06-30,fundamental_momentum_score,5,Q3,0.004639437099129963,9,final_holdout
2025-06-30,fundamental_momentum_score,5,Q4,0.019217886516213124,10,final_holdout
2025-06-30,fundamental_momentum_score,5,Q5,0.00630113559254597,10,final_holdout
2025-06-30,fundamental_momentum_score,5,top_minus_bottom,0.027105258182360405,49,final_holdout
2025-06-30,low_risk_score,5,Q1,-0.03356426820909546,10,final_holdout
2025-06-30,low_risk_score,5,Q2,-0.0023300735840356634,10,final_holdout
2025-06-30,low_risk_score,5,Q3,-0.0003569192454531504,9,final_holdout
2025-06-30,low_risk_score,5,Q4,-0.0043891409540464665,10,final_holdout
2025-06-30,low_risk_score,5,Q5,0.03802015081885677,10,final_holdout
2025-06-30,low_risk_score,5,top_minus_bottom,0.07158441902795223,49,final_holdout
2025-06-30,operating_quality_score,5,Q1,-0.02978465018228186,10,final_holdout
2025-06-30,operating_quality_score,5,Q2,0.02503090380278633,10,final_holdout
2025-06-30,operating_quality_score,5,Q3,-0.014073456503292206,9,final_holdout
2025-06-30,operating_quality_score,5,Q4,0.027155519815484898,10,final_holdout
2025-06-30,operating_quality_score,5,Q5,-0.01232022183225504,10,final_holdout
2025-06-30,operating_quality_score,5,top_minus_bottom,0.017464428350026817,49,final_holdout
2025-06-30,price_momentum_score,5,Q1,-0.04247217894595754,10,final_holdout
2025-06-30,price_momentum_score,5,Q2,0.029467497940339503,10,final_holdout
2025-06-30,price_momentum_score,5,Q3,-0.0024999820611540193,9,final_holdout
2025-06-30,price_momentum_score,5,Q4,-0.01523754210358208,10,final_holdout
2025-06-30,price_momentum_score,5,Q5,0.027907647715010076,10,final_holdout
2025-06-30,price_momentum_score,5,top_minus_bottom,0.07037982666096762,49,final_holdout
2025-07-31,composite_score,5,Q1,0.21465250729806504,10,final_holdout
2025-07-31,composite_score,5,Q2,0.13789033457846817,10,final_holdout
2025-07-31,composite_score,5,Q3,0.24266260196720152,9,final_holdout
2025-07-31,composite_score,5,Q4,0.23775684789405602,10,final_holdout
2025-07-31,composite_score,5,Q5,0.17334248609805106,10,final_holdout
2025-07-31,composite_score,5,top_minus_bottom,-0.04131002120001398,49,final_holdout
2025-07-31,fundamental_momentum_score,5,Q1,0.13737922013619525,10,final_holdout
2025-07-31,fundamental_momentum_score,5,Q2,0.33264458084973886,10,final_holdout
2025-07-31,fundamental_momentum_score,5,Q3,0.18140529180111445,9,final_holdout
2025-07-31,fundamental_momentum_score,5,Q4,0.19226127531826617,10,final_holdout
2025-07-31,fundamental_momentum_score,5,Q5,0.1564886787139183,10,final_holdout
2025-07-31,fundamental_momentum_score,5,top_minus_bottom,0.01910945857772306,49,final_holdout
2025-07-31,low_risk_score,5,Q1,0.2078726506539411,10,final_holdout
2025-07-31,low_risk_score,5,Q2,0.20495810497493844,10,final_holdout
2025-07-31,low_risk_score,5,Q3,0.26407973528890605,9,final_holdout
2025-07-31,low_risk_score,5,Q4,0.2047772293124392,10,final_holdout
2025-07-31,low_risk_score,5,Q5,0.12675877093778737,10,final_holdout
2025-07-31,low_risk_score,5,top_minus_bottom,-0.08111387971615372,49,final_holdout
2025-07-31,operating_quality_score,5,Q1,0.12941264129627406,10,final_holdout
2025-07-31,operating_quality_score,5,Q2,0.19498768877334702,10,final_holdout
2025-07-31,operating_quality_score,5,Q3,0.23110866923628798,9,final_holdout
2025-07-31,operating_quality_score,5,Q4,0.2588477566670699,10,final_holdout
2025-07-31,operating_quality_score,5,Q5,0.19079262858977142,10,final_holdout
2025-07-31,operating_quality_score,5,top_minus_bottom,0.06137998729349736,49,final_holdout
2025-07-31,price_momentum_score,5,Q1,0.18832518374221005,10,final_holdout
2025-07-31,price_momentum_score,5,Q2,0.19014592535121544,10,final_holdout
2025-07-31,price_momentum_score,5,Q3,0.20793168173201976,9,final_holdout
2025-07-31,price_momentum_score,5,Q4,0.16978544915105467,10,final_holdout
2025-07-31,price_momentum_score,5,Q5,0.24664344583582362,10,final_holdout
2025-07-31,price_momentum_score,5,top_minus_bottom,0.05831826209361357,49,final_holdout
