symbol,signed_active_contribution,absolute_active_contribution,months,share_of_absolute_active_contribution
000009,0.0006771040146281245,0.0021388978677095998,13,0.01341432054350973
001301,0.0006265503314644705,0.0029475980596117323,13,0.018486167947513923
002050,0.00020395860153111465,0.0018480853327136543,13,0.01159045946935586
002074,-0.00046045141900888614,0.002553458469455917,13,0.01601428049507597
002126,0.0009483385591732298,0.0027486687016191006,12,0.017238561778975696
002335,-0.0016507657367052138,0.0028273235845116635,13,0.01773185406158613
002340,0.0010475651536414742,0.004811028451676823,13,0.030172865553345078
002407,0.00014719709326554254,0.001466315851200243,13,0.009196152440458622
002518,5.2999769448006855e-05,0.0010514291556844814,13,0.006594147357885146
002709,-0.0009307406389883404,0.005851771656933653,13,0.03669999486118089
002812,-0.0004343391738592747,0.0057946433349992665,13,0.03634170864559768
002850,0.002455823575939419,0.004557167910242148,13,0.02858075275190485
300001,-0.00024143191707395176,0.0008765771822529547,13,0.005497545012029612
300014,-0.0012278273071299039,0.005095924392607155,13,0.03195962009215654
300037,0.0016689445310826214,0.004011732022514789,13,0.0251599948258878
300068,-0.002011175295525761,0.006346691144621415,9,0.03980393392779118
300073,0.0002505210742567068,0.0014840780294944596,13,0.009307549789900433
300207,0.0007579340909802559,0.0031621143527287457,13,0.01983152920160621
300274,0.0011881253318923126,0.007622764759286856,13,0.04780696238588557
300376,-0.0010013484526261338,0.0015819524044094952,7,0.009921379116642365
300390,0.0005644351375727507,0.0031768777292272513,13,0.019924119253541483
300432,-0.0008285135425698085,0.0008369344808582353,4,0.0052489216851529285
300438,-0.0022153611167023742,0.005141330830834916,13,0.032244391294335775
300450,-0.002648892598478879,0.007220262387117267,13,0.045282626875846624
300457,-0.0004145858790868336,0.001449954786048844,12,0.009093542317886881
300568,-0.0012689448791971588,0.002586026704244385,13,0.0162185355684875
300750,0.006359500123480054,0.011344155801796403,13,0.07114605354381205
300763,0.0007660538696122334,0.004103026404160156,13,0.02573255704014811
300769,-0.0012073067906885856,0.0063929014891380195,13,0.04009374691191254
300827,-2.610365427129207e-06,0.001325315192798949,4,0.008311852139263652
300919,0.0002066761215086922,0.0007637875200897882,13,0.0047901729092788385
301238,9.186779899718476e-05,0.0004940335665180467,13,0.0030983829198085798
301358,-0.003099524414298368,0.005136132883874348,13,0.03221179182909254
301487,-0.0008275729090001794,0.002109172575420742,12,0.013227895279811075
600549,0.0021032958900143177,0.004221495725854058,13,0.02647554971865123
600699,-0.0003895416670485109,0.0008009607873310222,13,0.005023308922901329
600884,0.0001685480099249369,0.0001685480099249369,1,0.0010570663827557452
600995,-5.705588896173277e-05,0.0010918853107985817,11,0.006847872344408052
603026,-4.0480278636293196e-05,4.0480278636293196e-05,1,0.000253876279702548
603659,0.0006164978978358462,0.003103371342661843,13,0.01946311630138117
605117,-0.0008087771315844743,0.00607291477315426,13,0.038086916925931205
688005,-0.0017526387406885044,0.003593985594621107,13,0.02254005463413253
688006,0.00016677748509687966,0.0003725971442594588,8,0.0023367817613680086
688032,0.0002775695239532929,0.0011001391706830356,13,0.0068996372855409565
688063,-0.0004155056985067003,0.0016081798983292469,13,0.01008586757390061
688116,-0.00014525997503854024,0.00014525997503854024,1,0.0009110130486949269
688248,4.994383492460796e-05,0.0008206198530716548,11,0.005146602799346757
688348,-7.254736958563837e-05,0.0005803823458753794,9,0.00363992827469755
688390,0.0019829953069943297,0.007832402766117299,13,0.04912172895991436
688472,-0.0008602694532894016,0.001015917636600326,4,0.006371433170745426
688567,-0.0005929747176184017,0.0011964702946864274,12,0.007503787953605266
688772,-0.0021420554478124654,0.0031200693659015535,13,0.019567839691666426
688778,0.00035354246726991697,0.0006773766528347528,10,0.004248238163678778
688779,4.827943154002244e-05,0.0008763257681286258,11,0.005495968242187616
688819,8.361634071676915e-05,0.00015132360550441495,10,0.0009490417381216622
